StudentId,STATEATTEND1,STATEATTEND2,STATE
67bf43f4-9cef-425f-9cfb-f6aa42461870,,,
565a585e-8576-41e8-964d-8168174ce5f4,,,
e356ee7c-33a1-44bf-93f5-ec017e06c356,ACTSTATEATTEND1OR,,
18880a81-0069-4a0c-8f8d-f808de4878bd,,,
536a5883-e62d-461a-95f0-f6aa9fa46698,ACTSTATEATTEND1TN,ACTSTATEATTEND2FL,"DECSTATEFL,DECSTATEGA,DECSTATETN"
43ce11bc-64bc-4554-9846-306e34c5cb03,,,
b5de8181-98de-4439-980e-af96d6dd9787,,,"DECSTATECT,DECSTATENJ,DECSTATENY"
529b399b-0b73-4ca2-946e-bb0f4b7099d0,ACTSTATEATTEND1MS,,"DECSTATEAL,DECSTATEGA,DECSTATEMS"
99abd655-3154-4323-afee-38b13afefcce,ACTSTATEATTEND1OK,,
b852b1d7-0446-4a9e-a1bf-911dd135e9bf,ACTSTATEATTEND1MS,,
07545fdc-8810-414f-b7b2-a2739e3c9d54,,,
7353f6ac-c78c-48f5-b85d-b0c975d9ea74,ACTSTATEATTEND1FL,ACTSTATEATTEND2FL,
74d92e74-ae94-4629-87df-f27fc18f8fa0,ACTSTATEATTEND1OR,ACTSTATEATTEND2WA,
879bc27d-3171-472b-ab90-7d04bc33d2ad,ACTSTATEATTEND1WA,ACTSTATEATTEND2TX,"DECSTATEFL,DECSTATETX"
c11dd533-274c-4b5e-b47c-1115defc634a,ACTSTATEATTEND1KY,ACTSTATEATTEND2KY,
eb03b326-9216-4c5a-bf29-e4bbe2259721,,,
71d2ebec-fe53-45f8-8389-0c114a213fb7,,,
2cbea20f-20a0-4778-b56c-f0917be3c860,ACTSTATEATTEND1TX,,
90520ac3-3ab8-412b-8b63-e23aaadee429,ACTSTATEATTEND1MS,,"DECSTATEFL,DECSTATEMS,DECSTATEVA"
89c3e171-e8b5-4079-8889-b9bb21f3deb4,ACTSTATEATTEND1UT,,
7a93cfa2-34e6-4ec7-b96c-7daba11b6c64,,,DECSTATECA
3a073e17-20ae-4c4f-9eed-4c19544a0e57,,,
2a76ad76-7481-41a8-aa79-b2a41910285a,ACTSTATEATTEND1NC,,"DECSTATEMI,DECSTATENC"
b388c512-92c0-4a00-b75f-0047a9f89ca3,ACTSTATEATTEND1AZ,ACTSTATEATTEND2CA,"DECSTATEIA,DECSTATEMN,DECSTATEWI"
b2c2fcd3-6016-40a9-a591-21e88f6f43f5,,,"DECSTATEMD,DECSTATENY,DECSTATEVA"
5ed5e048-6492-467d-b7e4-4bfd63254099,ACTSTATEATTEND1AZ,,
e405a938-07ed-4c08-b6b6-a089cfad86f1,,,"DECSTATEAZ,DECSTATEKY,DECSTATEMO"
f7da14d0-b2b7-498a-b42e-55d0183f9df7,,,
2b50f483-06f7-4cf5-b76b-e6047a07afbd,,,"DECSTATECA,DECSTATENY"
4a813264-dd6f-4d56-ad1f-ba0eaba15872,,,"DECSTATECA,DECSTATEFL,DECSTATEPA"
90df5a6a-4c6c-42d3-8215-45dac8e1860b,ACTSTATEATTEND1CA,ACTSTATEATTEND2GA,
1e70848a-f1b3-469c-a09a-beb399e5957a,,,"DECSTATEFL,DECSTATEGA,DECSTATESC"
fe08c116-c82a-463d-8716-5f3e8d160af8,,,"DECSTATEMI,DECSTATEMS,DECSTATEOH"
59ecf9dd-9c65-41d7-9024-a97087ebc328,,,"DECSTATECA,DECSTATEMA,DECSTATETX"
8ed5de2f-c01b-40da-9d5a-d31066a928e0,ACTSTATEATTEND1VA,,
8e6728c5-8e93-44ac-880d-5254534ea3a8,,,"DECSTATEAZ,DECSTATECA,DECSTATECO"
c414faa4-b217-4aa2-95c1-8e90376f7060,,,"DECSTATEIN,DECSTATEOR"
3fb242cd-7b84-4ef8-b795-8522dcefbf95,ACTSTATEATTEND1AL,ACTSTATEATTEND2FL,"DECSTATEAL,DECSTATECA,DECSTATEFL"
7ceef15a-73dc-45b2-b5ac-4147301fd4a5,ACTSTATEATTEND1GA,ACTSTATEATTEND2SC,
271e5d2c-6fcf-43ca-b6e7-dfbb1ab03ccf,,,
7fb8efd7-4052-46fb-ae8c-c1c18a16bf77,,,"DECSTATEAZ,DECSTATEHI,DECSTATEID"
b94ada10-7ff4-4995-8572-6bc43c5a80a3,,,
2ea940bc-1faf-4656-8e02-94c1cbe59ec2,,,DECSTATEAL
f1b5a6bc-e43e-41ee-bbe5-d5db2c2ab0f4,ACTSTATEATTEND1IA,ACTSTATEATTEND2NE,
f7e9757e-213a-46c5-8e04-18b283f778b7,,,
8350b089-2144-4a70-8aeb-2d6079d94998,,,
00fa9db1-4196-4547-b111-72d8dd1316f4,,,
c21014b9-1eda-4892-b440-751c4221b28c,,,
a140c01a-8e44-44e1-a13c-4cf78adea009,,,
f91d345a-8d6a-4dd6-9777-3ef35df2c550,,,
4da91784-f2e2-42ae-b8bf-643f25e3ffdb,ACTSTATEATTEND1OH,ACTSTATEATTEND2OTHER,"DECSTATEKY,DECSTATENC,DECSTATEOH"
b6b3deef-086a-4e55-b953-f77ca8965cc8,,,"DECSTATEKY,DECSTATESC,DECSTATETN"
6877e2d1-fa63-4072-84ae-11c3bd770209,,,"DECSTATECA,DECSTATEKY,DECSTATEOH"
b010a53b-26c5-42d7-b139-dbb2427137b8,,,"DECSTATENC,DECSTATETN,DECSTATEWY"
06a85f8b-5cc3-4cdf-8a1a-e68f8624f5a9,ACTSTATEATTEND1WA,ACTSTATEATTEND2OTHER,
033e3315-df16-4d34-a54e-c4543dae0be1,ACTSTATEATTEND1IL,,"DECSTATELA,DECSTATEMA,DECSTATEVA"
a7af0b23-c838-43aa-b668-f827be0267d7,,,"DECSTATEMA,DECSTATENC,DECSTATENY"
fc6c89c2-60b9-4e13-8d0a-56100551d3a3,,,
9e6b3bc3-e6e1-4ad2-871d-2ad70499d89c,ACTSTATEATTEND1OH,ACTSTATEATTEND2FL,"DECSTATECA,DECSTATEFL,DECSTATEOH"
7ff3f037-e620-4a6c-9de1-9a9433434f57,ACTSTATEATTEND1GA,ACTSTATEATTEND2FL,
51309f55-71c0-4e59-bb3e-55a0f019ee51,,,"DECSTATEOH,DECSTATEPA"
1afc4080-2d4d-4b08-9050-4874186dce58,ACTSTATEATTEND1LA,ACTSTATEATTEND2TX,
ca4f1d7e-2552-454e-97a5-29d8a241e2d0,ACTSTATEATTEND1OK,ACTSTATEATTEND2TX,"DECSTATEOK,DECSTATETX"
06e1d950-bc31-45b6-955b-ad15eeaf29c6,,,
a4c8b951-7e36-479c-bd4c-8569ccb25c77,,,
3fafe326-a97a-4187-b4ea-74f05a3f547d,,,"DECSTATECA,DECSTATEFL,DECSTATENY"
66a48020-bc2e-484a-902c-409958b60b52,ACTSTATEATTEND1NY,ACTSTATEATTEND2NJ,
8c36980b-4c24-4105-affe-66c6363e8591,,,"DECSTATEIL,DECSTATEKY,DECSTATETN"
9fa56380-013c-4cb3-93e1-876e36259c93,ACTSTATEATTEND1TN,,"DECSTATECA,DECSTATEIL,DECSTATENY"
c3dd612f-2a1c-4dd6-8042-eb17a8d8e1a3,,,DECSTATECA
66953edf-0e61-48f1-bc40-2c9095104bb0,ACTSTATEATTEND1TN,ACTSTATEATTEND2KY,
210ddfe8-1f8a-4f80-a0c5-18df30efd14b,,,DECSTATEAZ
54739535-3b22-4c5d-b159-8ca9f7958093,,,
5ef58b8f-7795-4b61-a8d9-50682669f36a,,,DECSTATEPA
b0d7d6c6-bf69-4c5a-b373-75db1a3810c3,ACTSTATEATTEND1WI,ACTSTATEATTEND2AZ,
61597ffe-3e93-43db-a6a5-25e4a67c8260,ACTSTATEATTEND1MN,,
e750f7d9-7295-49fb-8758-811c5b3bd252,,,
d592b901-402e-419c-ac85-aadd5e3d49b2,,,"DECSTATECO,DECSTATEFL,DECSTATEKS"
a90473ef-63b1-4316-a175-b2166d7d6fec,,,DECSTATETX
cac62d90-2ef0-4bf8-b365-9b265bd7c8c1,,,"DECSTATECA,DECSTATEGA,DECSTATETX"
fe07ac66-ba9e-4300-8220-2be3beece400,ACTSTATEATTEND1SC,ACTSTATEATTEND2NC,"DECSTATECA,DECSTATENJ,DECSTATESC"
273f3bfc-3ffc-43b3-a836-d71a21013ca7,,,"DECSTATEGA,DECSTATENY,DECSTATEVA"
d080dedc-2e06-4be2-92fe-7ed6659894d8,,,DECSTATETX
16c123a6-2a11-445f-829e-ea4a97fc87ac,,,
0db9d8d4-97aa-44bd-a569-fdc0a58990a1,ACTSTATEATTEND1WA,ACTSTATEATTEND2MA,
1fd7a011-51ea-4825-97a4-000805039b22,,,
7c58927a-8c5b-408e-9346-032e71684530,ACTSTATEATTEND1KY,ACTSTATEATTEND2AL,
8351832b-be77-49af-b427-25a5d704fc83,ACTSTATEATTEND1LA,,
cca0aff3-3b4d-427f-8d3a-91e4afaf81f4,ACTSTATEATTEND1AL,,
895b72de-1c37-466d-8cc4-e963c2a9854d,,,
eefed92c-783e-4e32-99b9-9c50faf07ffa,,,"DECSTATEGA,DECSTATEOK,DECSTATETX"
c08b6a08-053e-4e18-bf93-b775d3fbf54c,ACTSTATEATTEND1GA,ACTSTATEATTEND2FL,
5850919e-9fe5-459a-a3cc-54bb8a58f59e,ACTSTATEATTEND1NY,,
58318d4f-8e91-4297-9c49-e09530853750,,,
1139451a-b75c-414d-8cf3-06c8c487899f,,,"DECSTATEGA,DECSTATEPA,DECSTATETX"
2baf6252-edae-4562-8b89-a01b3b8dd22a,ACTSTATEATTEND1GA,ACTSTATEATTEND2MD,
1c25e54c-81c5-4800-9c71-408b7a067cac,ACTSTATEATTEND1NY,ACTSTATEATTEND2PA,
700c84b5-0541-40be-8a67-b2acee0a9594,,,
46a16316-14e5-4bd5-8792-2fc1ebf4d4c5,ACTSTATEATTEND1TN,,"DECSTATECA,DECSTATEPA,DECSTATETN"
f830e619-ec16-4ec7-bfed-d18575497fbd,,,"DECSTATEAZ,DECSTATEUT"
dd347e6d-59c0-49a1-8964-33943ba54dc9,,,"DECSTATENE,DECSTATESD,DECSTATEWY"
6fe30cce-c546-40cb-ab5f-333632056373,,,"DECSTATEAL,DECSTATEMI,DECSTATETX"
3432948c-817d-45ed-b455-7723ed485653,ACTSTATEATTEND1CA,,
eb4a78e8-3e47-45ce-8d87-2b8a38209be0,,,"DECSTATEOH,DECSTATEPA,DECSTATEWV"
f55977ee-c245-49fc-9b4d-45c36ed886c1,,,"DECSTATECA,DECSTATEFL,DECSTATENY"
1647462f-5e75-48e7-8995-3d21adb6d23b,,,
200b27de-4f43-4973-a530-c69fcfde9a19,,,DECSTATEOH
0aead0f7-7a8e-43de-8fc0-912607db76db,,,
ee4d03da-d00b-4357-a0e8-82f95e463506,ACTSTATEATTEND1FL,ACTSTATEATTEND2TX,
6ac0fac5-0e9f-416e-9df6-36f514d7a852,ACTSTATEATTEND1NY,ACTSTATEATTEND2NY,
7785238d-cce2-412f-93fe-206fb6cb3e0d,,,
969310ee-5d8e-48a6-a8b4-b72a86b94bc8,,,
7428610f-873c-497d-a16f-6444de2faa0c,,,
7ad3dcd0-d0f2-4b50-b9a3-d1000edf45c0,,,
7e59505e-ba0d-4d3b-b722-2211dcdb7e60,,,"DECSTATEAZ,DECSTATEFL"
0e433284-00d9-4b5b-a128-d36a79ee5484,,,DECSTATEIL
0dc8bf26-e167-4f87-85d2-0ae2d2b27506,,,
98b42849-c1c7-4bac-9b38-197fb8345fac,,,"DECSTATECO,DECSTATENE"
ef482142-c858-4005-8b99-29effe134629,ACTSTATEATTEND1AL,ACTSTATEATTEND2GA,"DECSTATEAL,DECSTATEFL,DECSTATEGA"
bab4e300-ae2a-4282-8b7d-345ec26563ce,,,
4cf7b0a8-c2a0-4395-b0df-906204e1c233,,,
b261e58d-814d-42ba-9783-d6f28d70d48a,,,"DECSTATEMN,DECSTATETN"
25bd8f53-9d86-48ab-96b2-db158c8efb94,,,
1af2da6d-1a62-4935-8de0-e643c312d722,,,"DECSTATEFL,DECSTATENY,DECSTATETX"
c0bd3e2a-3ec5-4f29-b45a-5e7081763959,,,"DECSTATECT,DECSTATEMA,DECSTATENY"
5082e448-1674-467d-910f-1d3051499e9c,ACTSTATEATTEND1AL,,
876b074d-dfe7-4217-9ab7-810ebc100476,,,
87ad22f8-0210-4237-8755-0a84bffef2a0,,,"DECSTATEFL,DECSTATEOK,DECSTATETX"
af2d0fdf-98d9-4a29-accd-eb5fb99172d2,,,
2993e41c-fcc0-47d2-82e9-54b2aa495bf6,,,
0f335f42-24bc-4f98-8302-59f7e9081993,,,
0bac27f3-0fac-4bf6-98f7-7260f7f32f64,ACTSTATEATTEND1DC,ACTSTATEATTEND2GA,
b6b57d2c-02e1-4ad3-8397-cc1c997ce6cc,ACTSTATEATTEND1TX,ACTSTATEATTEND2CA,"DECSTATECA,DECSTATENY,DECSTATETX"
41f98052-d0be-403f-98d5-c1637eabcb58,,,
360d5eca-0096-4e6d-a437-9c45877d65fa,,,"DECSTATEFL,DECSTATENC,DECSTATENJ"
5cdee30a-12bc-483b-8df0-d6ea83aed74a,,,"DECSTATEAL,DECSTATENC"
fa87fdb7-ba39-4432-8b30-dd782fb3708c,,,"DECSTATENV,DECSTATETX"
bfe8c642-9167-4242-8891-665a35184902,ACTSTATEATTEND1MN,ACTSTATEATTEND2WI,
89bd20b2-481d-4f26-b7d7-8c565a0d036a,,,"DECSTATEIL,DECSTATENY,DECSTATEPA"
09b99048-139f-493e-ac54-ab4363add9ce,ACTSTATEATTEND1CA,ACTSTATEATTEND2MS,
3d566dcd-e501-4887-b9e2-1937d7496c9e,ACTSTATEATTEND1LA,ACTSTATEATTEND2LA,"DECSTATELA,DECSTATEMI,DECSTATENY"
5ee5d9e6-99cd-45e3-9108-b301b5cde4c5,,,
5805c360-e66a-458d-aa47-08e4846286ae,,,"DECSTATEOH,DECSTATEPA"
38c561a2-f36f-424c-9db5-61915fc9e855,,,
744d8185-5ff6-49b9-8317-f4c3545de099,,,"DECSTATECA,DECSTATEFL,DECSTATEIL"
b5d50ef5-0f23-4add-9e06-9deb270a1c38,ACTSTATEATTEND1MT,ACTSTATEATTEND2CO,"DECSTATEMT,DECSTATENM,DECSTATETX"
b896a125-4345-4f6d-b50a-62983e4f3d6f,,,
e9dca39e-0302-4e83-9b69-ee9152d3e45e,,,"DECSTATENJ,DECSTATEPA"
3d2273e1-3225-4486-ba7a-bf65467ac5c1,,,"DECSTATECO,DECSTATEIN,DECSTATEOH"
01d43759-b946-4615-83e9-41d5e1f53c5e,ACTSTATEATTEND1AR,ACTSTATEATTEND2OTHER,
9a9eaecf-2719-4620-bb1e-1033fab1da33,,,
684674dd-5965-44e0-a554-242ef0a9b83d,,,"DECSTATEAL,DECSTATEFL,DECSTATEWV"
e4f118e7-5039-4ab8-b43c-22fa877b6b9b,,,"DECSTATEKY,DECSTATEOH,DECSTATEWV"
f16297f9-1fdb-4667-8f4b-dbb9e38e15e1,,,
0b2b7420-d667-4a22-b9e4-0f8657a93a49,,,
5ef1b0f6-8bb2-46ae-8948-fb5886133b21,,,
300047af-28a8-4214-a7a6-138ea5905f58,,,DECSTATENC
4174ecc1-85d1-4278-9ec5-d1e15879371c,,,"DECSTATEMA,DECSTATETX"
c00ff8a1-bda2-471e-b11e-346451dd84a9,ACTSTATEATTEND1WI,,
8a3de3f0-e6e9-4d91-a53b-fafcbe1029fe,,,
5747c299-bc41-4f1b-8c3e-c2ac171aeaf3,ACTSTATEATTEND1MN,ACTSTATEATTEND2SD,
81742298-3d2f-438c-a0d0-2d8f4047d974,,,
8df7e915-a8c7-4476-b9c3-45453f720eaa,ACTSTATEATTEND1NE,ACTSTATEATTEND2NE,
b2e0d0c3-2d94-4d39-abed-04ef87479ca4,ACTSTATEATTEND1TX,,
b6cc899b-171e-4f1c-81a5-09ae111beed6,,,"DECSTATEGA,DECSTATEIN,DECSTATETN"
6b6f83ea-27b1-4451-94e0-4a937e1c0b86,,,"DECSTATEFL,DECSTATELA"
dcd66e7e-91cb-43ba-9ca6-c817f62b5d28,,,
2ee0ed06-87c9-4400-9e78-c4ee735269b4,,,"DECSTATENC,DECSTATESC,DECSTATEVA"
394babd0-2a81-4e29-b11d-c557e65a39c2,,,"DECSTATEIN,DECSTATEKY,DECSTATETN"
5ae28a1d-11c1-4f80-8a97-9ddbc75bce1a,,,"DECSTATECA,DECSTATEMI,DECSTATEOR"
5a8383ed-5471-4045-885e-3ee2fa6b8cb0,ACTSTATEATTEND1AL,ACTSTATEATTEND2TN,
39009dd5-4563-46f7-9598-6110be4d43ef,ACTSTATEATTEND1MA,,
bb34445c-0c78-45e3-983f-12aaf5fdac9a,,,
7215be96-f801-4dd0-8108-3da3d81acb35,ACTSTATEATTEND1MI,ACTSTATEATTEND2OH,
503a62e4-0e5c-4450-996a-70729eb92981,ACTSTATEATTEND1GA,ACTSTATEATTEND2GA,
8c7849ba-3e75-447c-a0b0-a1db80b00aaa,ACTSTATEATTEND1IL,ACTSTATEATTEND2IA,
4b093909-29ab-43e6-8171-165826af6ac5,ACTSTATEATTEND1MA,ACTSTATEATTEND2CA,
77f9ae5d-5860-4c96-8b62-ac3867819dfb,,,
8cc108bf-e30c-4cd9-9aef-615f32b91706,,,"DECSTATECA,DECSTATENY,DECSTATEPA"
60d8f437-c10c-41f6-a87d-4945cb69e846,ACTSTATEATTEND1CA,ACTSTATEATTEND2NY,
292520be-b463-46e4-9051-b4382566e5a8,,,"DECSTATEIL,DECSTATEIN,DECSTATEOH"
48ed1fa6-ae07-4aff-8ace-1d7e8de594dc,,,DECSTATEUT
b5f3368f-de0b-4b71-8f52-830efb4f44e8,,,DECSTATECA
534f5d3e-f9e2-4a74-bfea-d76d304ab62b,,,
f4968c4b-f8cc-40ac-a6d2-1e32869d4801,ACTSTATEATTEND1FL,ACTSTATEATTEND2MS,"DECSTATECA,DECSTATEMS,DECSTATENY"
a4879467-5910-4b80-b692-2d63e3d3e424,,,"DECSTATECA,DECSTATEGA,DECSTATENY"
8df6a123-051a-401c-9615-eba7141340af,,,"DECSTATECA,DECSTATENY,DECSTATETX"
40e159fd-3eb7-4da2-a074-f527b24a4de1,,,
7314494b-1fff-4289-a700-a714016838c2,,,"DECSTATEFL,DECSTATELA,DECSTATEOH"
6c305724-bd20-4a9e-878a-1ba1526f0f7f,,,
5c8c5ee0-4143-44fa-9719-4eba47d5643f,,,"DECSTATEAZ,DECSTATECA,DECSTATENV"
f2312c91-b9af-4f22-9737-c22af1f4274f,,,"DECSTATECA,DECSTATECO,DECSTATEMA"
9f6cbf1c-8aa8-44c1-89a1-7929b1ab8a34,,,
8e3561f8-3c87-4a1b-bad5-7b564b643c8f,,,"DECSTATEFL,DECSTATEPA,DECSTATEVA"
e01d3dce-7789-420a-8799-5b4f37d6617f,ACTSTATEATTEND1MN,,
1e60572d-d652-4ef6-81f7-58afd6abaf13,,,"DECSTATECA,DECSTATEMA,DECSTATERI"
0a768c67-87a7-465c-8025-d50c3d4e7d3f,,,"DECSTATEOH,DECSTATEPA,DECSTATEWV"
d215a7e2-4428-4c35-bd48-60bef8f738c2,,,"DECSTATENC,DECSTATENY"
6e50c1dd-3880-4127-b76f-f85383497262,,,
a830639a-c082-4e12-b0a5-2c5115101940,ACTSTATEATTEND1IL,ACTSTATEATTEND2CA,
1b0f34d5-1c1b-4482-8f22-3bf35f86f1d4,ACTSTATEATTEND1TX,ACTSTATEATTEND2CA,
62ecc436-b4c0-4f10-aa64-e851ee241650,,,"DECSTATEMT,DECSTATESD,DECSTATEWY"
8d3f24f6-e50c-41f6-a153-530c854e495f,ACTSTATEATTEND1CA,ACTSTATEATTEND2AZ,
f3314c48-800d-429d-88bb-2bde3f9232ca,ACTSTATEATTEND1HI,ACTSTATEATTEND2OR,
f1fa632d-c77f-4821-b39a-56a38f192149,,,"DECSTATECA,DECSTATEFL,DECSTATETX"
513f5d89-e6d6-463f-8563-8f5aaf6adbe3,ACTSTATEATTEND1MA,ACTSTATEATTEND2CT,
a308bf9c-988d-4502-85aa-a13984300d77,,,
16d8fc14-bc79-4087-8dd1-61da23023d4c,ACTSTATEATTEND1OK,,"DECSTATECO,DECSTATEMT,DECSTATENY"
1c9dea4a-069b-4653-9133-c9c74c330915,,,
3e97cdc4-dfea-4335-91fb-f419517fca09,,,"DECSTATEAL,DECSTATEFL,DECSTATETN"
a9d41fa3-259a-4f94-934f-583469a4c671,,,
ec85803a-1bfe-464b-89ba-87b15f530975,,,"DECSTATEAL,DECSTATEFL,DECSTATEGA"
30f3912f-5b20-4b9b-bbde-3e56db14dfc7,,,
f26c2f1f-3d8e-46f3-84bb-6563f7c88ef1,,,
3e72a016-4ffe-482b-a49d-53a6b067c36f,,,"DECSTATEAZ,DECSTATEOR,DECSTATEWA"
b6393611-fad3-4f52-ae3e-da0ba247cf6b,ACTSTATEATTEND1VA,,
a677dd14-4f21-4bc7-8280-f5a8a701d0a9,ACTSTATEATTEND1OH,,
e44bd9da-ebbc-44b2-9984-7b8346c0db5c,,,"DECSTATEGA,DECSTATENC,DECSTATESC"
314ed082-4fe0-4ba6-b86b-b0fccbba51bd,,,
b85bf7dd-4205-4fcf-8b9c-589acbf0d8ea,,,"DECSTATECA,DECSTATEPA,DECSTATETX"
d31f1d5d-0d4e-4a79-a18c-f97122af5ff9,,,DECSTATENC
173a2571-df46-46b1-9c53-9a4afd14804e,,,
4ac2da8e-a77e-46d7-be12-277adfe4907a,ACTSTATEATTEND1TX,ACTSTATEATTEND2TN,
230430f1-d25d-4876-bdad-ef6abba10e78,,,"DECSTATECA,DECSTATENC,DECSTATEPA"
35da463c-7059-475e-b2fe-94e826756135,,,"DECSTATEMN,DECSTATETN"
39ab92d7-1bcc-4708-848e-579595eb94b6,,,
7238272f-96f5-4f17-a420-8af42799d23a,,,"DECSTATECA,DECSTATEMA,DECSTATENY"
b17434c1-9011-450b-9b74-5e3630124a6d,,,
646d21b0-5ddf-4f56-b832-d8058e69f919,ACTSTATEATTEND1OTHER,ACTSTATEATTEND2OTHER,
5b3f5188-7395-4f04-8e45-fb59c66a1b00,,,"DECSTATECA,DECSTATEGA,DECSTATEMA"
d820ec64-54bb-4bab-8fd4-15d7007ca3d0,,,
11fb619a-3bb7-4e04-bc3f-a332429c462c,ACTSTATEATTEND1NJ,ACTSTATEATTEND2NY,
2e055b4e-e972-476d-8d9e-803e80e02000,,,"DECSTATEFL,DECSTATEMI,DECSTATETX"
3f77d208-5526-4022-8657-5d8cbc505a7b,ACTSTATEATTEND1AL,,
d3bd1b6c-475f-4cb7-aac7-22aa3a3dca5b,,,
571e6ed9-ee29-4197-a1eb-f39acb66aaea,ACTSTATEATTEND1LA,,
fabcd406-7797-4449-99e9-fd9771dfa5fb,ACTSTATEATTEND1NC,ACTSTATEATTEND2SC,
891b06ea-9368-4e50-81d0-360b69bcb05d,,,
31087ecb-6dab-438a-91a0-cc514fddb1f3,,,DECSTATETX
38461c8f-4a46-4127-99a6-0148cd9036aa,,,
6f7dcd44-40f6-46fa-9d13-1bfe4f61ee18,,,
703699e8-f993-4f49-9b52-afdabe1dcd55,,,
9468ee9b-3997-4451-abc1-3443497f0daa,,,
699934ef-2b9a-4576-b6b0-832135d20063,,,"DECSTATECA,DECSTATEMI"
bf27b7b4-3b8e-4b77-9d60-9a99db43d8fc,ACTSTATEATTEND1IN,,"DECSTATEFL,DECSTATEHI,DECSTATEIN"
b1b21e8d-be4e-4271-b73d-58ea72c6d808,,,"DECSTATEFL,DECSTATENY"
f53bb4b3-c408-407d-960c-ea54bfdc0bd3,,,DECSTATEFL
cf7e69a0-56ad-4f93-83fc-c736f169a3de,,,
77cf8783-f67f-44fe-8747-6d6abf855705,,,"DECSTATEAZ,DECSTATECA"
46cddfba-00be-47c3-b78f-d274b091b36b,,,"DECSTATEIN,DECSTATEKY,DECSTATESC"
0de62f9d-15e5-4666-8010-0b535fba2344,,,"DECSTATEAZ,DECSTATEFL,DECSTATENM"
c7272186-138d-4a95-adee-4b9bb623db98,,,
0f29b038-30b9-4a5a-8680-3e81f83b4295,,,
c90ffe5b-3ac4-4d62-adba-5d979902ecf0,,,
dc33c2d2-c7ed-4115-909e-6f777fc7c117,,,
6a95d923-dce2-4efa-aac2-faa20e71df84,,,"DECSTATEAR,DECSTATEOR"
2e404089-7dc9-4ce8-a3fc-750b8e90bd96,,,"DECSTATECA,DECSTATEOR,DECSTATESC"
8b7c0e38-94f7-4eb6-a270-25311add5a77,ACTSTATEATTEND1FL,ACTSTATEATTEND2GA,"DECSTATECO,DECSTATEFL,DECSTATEGA"
425c16dc-fac4-4459-a9f2-f443c0e416f3,ACTSTATEATTEND1GA,ACTSTATEATTEND2SC,"DECSTATEAL,DECSTATEGA,DECSTATENC"
a5b2797d-a1f1-43cd-b05d-541ea226a240,ACTSTATEATTEND1AZ,,
5c65d7ce-de0f-4bbe-b173-90c9b5a78739,ACTSTATEATTEND1OH,ACTSTATEATTEND2WA,
380a8953-2a4f-4d71-a0f3-95dc947067f9,,,"DECSTATECA,DECSTATETX"
82cdfc9e-bff2-45fb-9625-9ff7dc0d5fba,ACTSTATEATTEND1AZ,,
5126f2e5-0bca-4c86-b9d7-c9e47b72d1ef,,,"DECSTATEIL,DECSTATENC,DECSTATENY"
4c7f604d-5fd6-4fcf-87a1-ec3d2c21be83,,,"DECSTATECA,DECSTATEPA,DECSTATETX"
bb00a3ff-f141-4170-8a04-af4b8ed72951,,,"DECSTATECA,DECSTATEMA"
96d5c59b-f0f5-437b-8ca5-12e7e16b5385,,,DECSTATEOH
4d387af4-0874-4b9f-9064-9ca3c46e7acb,,,"DECSTATEAZ,DECSTATECA,DECSTATETX"
ba7cc7e5-c8cf-4693-8300-80bedb83b5fd,,,"DECSTATEIN,DECSTATEMI,DECSTATEOH"
d3e22377-3e90-4156-adf4-c4d626710762,ACTSTATEATTEND1IL,,
d4fbab51-ee29-427a-8557-36f107560259,,,
4a59182f-c1e1-4c3e-9727-e909f7a6f08e,,,
918f8ed2-f2be-4cb3-ad08-aff2d0a1958b,ACTSTATEATTEND1OTHER,,
3f4f6b74-ea1d-464e-8832-421e60618852,,,"DECSTATEIN,DECSTATEPA,DECSTATETX"
3eb7e3fb-3c50-4654-a8de-8e14c09c3d14,ACTSTATEATTEND1OH,ACTSTATEATTEND2AZ,
145f528a-6f77-4530-bdee-0e65d22be6e6,,,
31a8ec1b-25fe-479a-a94b-7a7140953803,ACTSTATEATTEND1LA,,
b9dd505a-6790-49e5-8144-304d65d697b2,,,"DECSTATENY,DECSTATEPA"
c8d36a03-d2d4-4d46-b171-98b21926c50e,,,
a22a923d-1fdc-40a5-9734-7292af6aca26,ACTSTATEATTEND1IL,ACTSTATEATTEND2IA,
5e11a3c7-87fd-40bc-9a86-32647c263d61,,,"DECSTATECA,DECSTATENC,DECSTATENM"
cfe5d6fc-5595-4859-86a9-aff69cd47240,,,
87a444bf-d7d2-4523-aefd-64a6a66ca9bb,,,"DECSTATECA,DECSTATENY"
4444b1c0-01eb-4502-a298-5920112cc7a9,ACTSTATEATTEND1LA,ACTSTATEATTEND2NC,"DECSTATELA,DECSTATENC"
b7c00620-8aa8-430b-907d-9f32d20225da,ACTSTATEATTEND1TX,,
f75d67db-6b9c-49fe-8325-02a0e11448f1,,,
db9fb9e1-353f-4e85-a843-f278942403f4,,,
21334ca0-f6bd-47fe-b048-550ddd97520c,,,
c87d955c-57a0-49a8-912d-856f99741b8c,ACTSTATEATTEND1FL,ACTSTATEATTEND2NC,
6b0d2ef6-955f-401e-98a4-5b5a8d983604,ACTSTATEATTEND1SC,,"DECSTATECA,DECSTATEFL,DECSTATESC"
7b5f3d93-33a0-4ad5-8b5f-1c0dee092731,,,"DECSTATEIL,DECSTATEKY,DECSTATETN"
791599b1-22ee-466b-b208-030bf4857376,,,"DECSTATEAL,DECSTATEGA"
efd39a1e-bab3-4738-9798-31be430efc87,,,"DECSTATECA,DECSTATENY,DECSTATEOH"
c7f13445-db4f-4b43-a9f8-4965a87fb50d,,,"DECSTATELA,DECSTATENC,DECSTATEVA"
5d45b031-6d90-4ff9-968b-921d0ea43fe2,,,
2bfeabf1-9f04-48cf-ab05-f5bc1b49a139,,,DECSTATEFL
0e75f759-0a6b-4a29-b3dd-5cd187202e5a,,,
a23aac50-75f0-423c-b6ee-0d574ad7a715,ACTSTATEATTEND1VA,ACTSTATEATTEND2SC,
608d4058-effa-4f0f-a9a3-32213d94e1d8,,,"DECSTATEAL,DECSTATEGA,DECSTATEMO"
09c99f39-3191-4cd4-b09b-cd1c50a923f9,ACTSTATEATTEND1TX,ACTSTATEATTEND2OTHER,
22a1f856-fd7b-41fc-98a2-253fa01cc11d,ACTSTATEATTEND1AL,,
385ef863-923b-4af0-912f-757052c425b2,ACTSTATEATTEND1RI,ACTSTATEATTEND2PA,
9fd25412-0535-4c56-a900-470455983557,ACTSTATEATTEND1IL,ACTSTATEATTEND2WI,
38b3155b-e95a-42b1-8315-36d1842baea5,ACTSTATEATTEND1CA,ACTSTATEATTEND2NY,
6cda0777-ebd9-4fbf-abbb-d5ae677b1035,,,
a621a625-1993-4975-91bd-95128949be08,,,
9abc8ccf-e53e-459e-aa37-8d48c035246e,,,
f2e9e41e-14ec-4f10-bacb-77fd3e41596f,,,
cddb1eef-2c81-40dc-a70c-773bb3f8bb89,,,
1939a8f1-b723-472d-afd5-93fd49f163b9,,,
2825f334-b981-44b6-94ce-cd447f1f6681,,,
0358033f-c4c0-4766-bb4a-f0bfb7f23bae,ACTSTATEATTEND1CA,,
168e0c95-a0cf-4fe9-94b9-9eca687eb40a,ACTSTATEATTEND1KS,,
99faf3ab-e795-48f5-abe0-8d642f75ea64,ACTSTATEATTEND1KY,ACTSTATEATTEND2TN,
5df7857e-94e0-45b9-b41c-fd93ad1a8662,ACTSTATEATTEND1MI,,
8f583783-1471-40a6-81b1-794eb3c070a9,,,"DECSTATENC,DECSTATESC,DECSTATETN"
352387d5-0d45-442b-a5c8-f8b386b0f9e7,,,
e01c07f9-a7b4-4945-a837-c4d98cd1ad61,,,DECSTATEFL
4387baa5-5b71-43de-8cf4-8b1f7d299fd9,,,"DECSTATEIN,DECSTATEOH,DECSTATEPA"
0b7bd1e0-8460-4651-a2b6-55ca4a9109d5,,,
22d73743-e67c-4e13-8bac-34ad4b15a7a8,,,
2322fd67-dba8-480f-8886-d1c512232cfb,,,
39ba4c52-946d-4295-b91d-bdcd6f3d84c5,ACTSTATEATTEND1CA,ACTSTATEATTEND2WA,
91f9c68b-a85a-4b73-8ebf-c32a6ed4c0dd,,,"DECSTATEDC,DECSTATEFL,DECSTATEGA"
0e4ed8f8-c53d-4d79-8295-15b4b01d7931,ACTSTATEATTEND1NY,ACTSTATEATTEND2NY,
8a1b157b-26e6-499f-a332-9aeaa0b8324b,ACTSTATEATTEND1KY,ACTSTATEATTEND2KY,"DECSTATECT,DECSTATEKY,DECSTATEMI"
08de5a0f-9d28-421b-8dd7-29196525ead4,,,"DECSTATEFL,DECSTATENC,DECSTATESC"
6dcb0725-9e7d-49c0-b6c3-2d31af76291d,,,"DECSTATECA,DECSTATENY,DECSTATEPA"
97f2f497-66ec-4c6a-bcfd-e8fb8e3be431,,,"DECSTATEOH,DECSTATEPA,DECSTATETX"
206e9de0-1f50-42ca-9eb5-4b5642dddf95,ACTSTATEATTEND1NV,ACTSTATEATTEND2ID,"DECSTATECA,DECSTATEMT,DECSTATENV"
5b0334b3-0872-4f19-ac00-b6b965b2309f,,,"DECSTATECA,DECSTATEMD,DECSTATEVA"
87678209-c8b6-4fca-a559-e9e82f9986c8,,,"DECSTATEMA,DECSTATEOR"
ec37efef-8401-4e8e-9f40-d51d3425ad4f,,,
575915b9-443f-4d2e-942c-611f5a97718c,,,
b547cc9c-936c-4c42-9f10-ad5d9c7ad9c0,ACTSTATEATTEND1MD,ACTSTATEATTEND2VA,
389bfda1-3b65-4d61-9822-e34968fe94b9,,,"DECSTATEFL,DECSTATENY,DECSTATEWA"
b140cd6e-43af-433d-841d-41d260873451,,,"DECSTATEGA,DECSTATENC,DECSTATESC"
4e1e7a94-476f-4294-b230-07d5f2051601,ACTSTATEATTEND1NY,ACTSTATEATTEND2NY,
c0c74a12-b7e8-4ee3-8625-69ab8040e4b5,ACTSTATEATTEND1CA,,
3e65847c-e74a-40ba-a124-d55fcb98dbf5,,,"DECSTATEFL,DECSTATENC,DECSTATENY"
b5e17dc1-920a-4a20-92dc-f366605d9258,ACTSTATEATTEND1GA,ACTSTATEATTEND2GA,"DECSTATEGA,DECSTATETN,DECSTATEVA"
44b0d835-a7c7-4b14-994a-5eedc9748744,,,"DECSTATEFL,DECSTATENM,DECSTATETX"
20cb5144-430d-4913-8958-d787105c7c94,ACTSTATEATTEND1CA,ACTSTATEATTEND2OTHER,
a1cd5071-efa2-469d-b5b2-3b9a7751f090,,,"DECSTATEFL,DECSTATEKY,DECSTATEMD"
52f92b4a-a7bd-4a4c-96ff-dae2ca1f7a05,,,
f2efe473-98da-421b-9b1c-0d535a2155f8,ACTSTATEATTEND1IL,ACTSTATEATTEND2IA,
d1cc0058-9c4b-4d35-8af1-c43da88eed57,ACTSTATEATTEND1TX,,
a1714dec-c134-4951-a81e-13eccc87eecc,ACTSTATEATTEND1FL,ACTSTATEATTEND2GA,
71b56a25-fbc8-4171-9acc-11c1014af4f4,ACTSTATEATTEND1MN,,
a0b3c098-16eb-44a7-b41a-84b25aa39e0a,,,"DECSTATEKS,DECSTATELA,DECSTATEOR"
5d71b03d-d39a-4308-9541-49a28e774a3e,,,"DECSTATEFL,DECSTATETX"
9c404709-fa71-4050-a23b-f3569ea884c1,,,
6090d5a5-9e25-456f-97e3-b119d4971109,,,"DECSTATECA,DECSTATEFL,DECSTATEMD"
6c84a631-00f6-4e44-8866-09666dec2d8f,,,"DECSTATEFL,DECSTATEGA,DECSTATENC"
98832d94-89b3-4a8e-b4d4-2cad68a6da22,,,"DECSTATEAZ,DECSTATECA,DECSTATEIL"
f5835d84-246f-4d5e-bb68-b3327c359e69,,,
dd1023fd-5c15-4fd3-af79-7d6e342730c1,ACTSTATEATTEND1IA,ACTSTATEATTEND2NY,"DECSTATEIA,DECSTATEKS,DECSTATETX"
d5046f2d-ac30-4c77-a316-7d5c04a952b5,ACTSTATEATTEND1ND,ACTSTATEATTEND2MN,
8c863de5-a164-440e-8a50-73ea91f557e7,ACTSTATEATTEND1MS,ACTSTATEATTEND2TX,
9fbe832a-7504-4d8c-bd12-8ffc6006a072,,,
91343937-79f9-4bcb-8da1-1ab48534fc32,ACTSTATEATTEND1MA,ACTSTATEATTEND2NY,
f43440f2-8d10-4970-87a2-eebb0c6b3006,ACTSTATEATTEND1WI,ACTSTATEATTEND2WI,
214e0b21-1cd6-4ea5-aae7-57ea0ea1408c,,,
d12a35d2-078e-479b-9969-acee75a70930,ACTSTATEATTEND1CA,,
02e588ec-9150-4c78-b812-5a1632e2cbda,,,"DECSTATELA,DECSTATETX"
8a7ea9b8-fc4e-496e-be47-70e7dbcde49c,,,"DECSTATEPA,DECSTATESC,DECSTATETX"
764adb69-345d-4728-a4f0-2df649deea4e,,,"DECSTATEFL,DECSTATELA,DECSTATENY"
89700445-fcfb-4fc7-a9de-6a993a33b99a,ACTSTATEATTEND1CO,,
4ad2d450-5b58-4969-abb3-0b242f376520,ACTSTATEATTEND1KY,ACTSTATEATTEND2KS,
b9098dfd-ec06-461f-aa42-2bfadfe5b826,,,
2b666a60-3944-47a7-aa5e-561b912f4bc1,,,
868a722e-cca3-460b-bc16-66fd703ae409,ACTSTATEATTEND1IL,ACTSTATEATTEND2TX,
f800884e-bbdc-4370-b929-86a25cab4a7d,,,
1475a2ea-d629-4e00-b4ff-8545b63554d7,,,
525faef9-1fe2-4019-8d36-7e4abd676de6,,,
d7632c88-0490-43ec-b50a-10332c20a209,,,"DECSTATECA,DECSTATEOR,DECSTATETX"
1ed5f25e-70c7-4883-abd5-47cf413d51f7,ACTSTATEATTEND1AL,,
d399be0f-a01a-4ac9-ae42-8a89c3cdce8c,ACTSTATEATTEND1AR,ACTSTATEATTEND2MO,
dc842bd3-c2c5-4bdf-b819-a30dfec027e1,,,
9a0a7ccc-ce0c-4f90-a0af-b453211d5f24,ACTSTATEATTEND1OK,,
1b2733bf-b00e-4add-8be7-28ca99f42430,,,"DECSTATEGA,DECSTATELA,DECSTATETX"
06ca3542-7e52-4208-abd0-cb3c785e5a7b,ACTSTATEATTEND1NC,ACTSTATEATTEND2FL,"DECSTATEDC,DECSTATEGA,DECSTATENC"
16ee9462-3875-4f2c-8287-dde0e757e814,,,"DECSTATECA,DECSTATELA,DECSTATENC"
a62364f3-a612-4297-b769-9ff62f737e03,,,"DECSTATECA,DECSTATELA,DECSTATEOH"
90bd813c-53d9-440d-9619-5ba377eca0c2,,,
7705bfe4-6fe0-4429-a5f5-45738599f9e4,,,
7c532a7f-915a-496a-858d-c0620001201a,,,DECSTATEOH
e8df2df5-13e5-42a1-b108-3f35fb2da6ae,,,"DECSTATECT,DECSTATEMA,DECSTATENY"
0c98ac96-dba6-47c3-9eac-0b316e1961e6,,,
02852403-bca3-47e8-abef-2022b72d46fb,,,
7eb6b51a-4029-44b2-995d-97ea43b8b118,,,
aaf161a3-8d47-4873-a82d-5e503d4424ca,ACTSTATEATTEND1FL,ACTSTATEATTEND2NY,
f0ffd2f1-1712-48d5-864d-a4f201ea754b,ACTSTATEATTEND1WV,ACTSTATEATTEND2VA,
62337b12-4a87-48e8-8a7c-2bcc38d64e01,,,
9c87e988-b188-4254-ad8a-2a2cc3eb2b82,,,"DECSTATECA,DECSTATEFL,DECSTATEPA"
c800c1ec-ca5b-473b-9e62-1a9911cfabc0,,,"DECSTATEKY,DECSTATETX,DECSTATEWV"
4bea9480-7abe-47b1-9919-0e132f789e4d,ACTSTATEATTEND1MI,,
f1bda89c-70b0-4582-b9b3-9986eb77677d,,,"DECSTATEIL,DECSTATEMI,DECSTATENY"
169c0ae6-788d-4713-a80d-da387de59335,,,"DECSTATECA,DECSTATEFL,DECSTATENY"
18fc4c68-1d71-4812-9e7e-ec4644146f87,,,"DECSTATEAZ,DECSTATENY"
11f23f02-9661-4c9c-a235-87098c1b6e5d,,,DECSTATEID
defd10f1-9d04-4bad-b01e-c1b714b34166,,,"DECSTATECA,DECSTATEFL,DECSTATEMA"
ad8449e1-0a1d-4b87-9c96-494e9b7dd726,ACTSTATEATTEND1FL,ACTSTATEATTEND2FL,"DECSTATEFL,DECSTATEMA,DECSTATENY"
d8d75e25-2a43-43f4-a8de-ce986270124a,,,"DECSTATEAZ,DECSTATECA,DECSTATENY"
2e6ef9d3-d375-48a4-830c-54d9ee208d09,,,
4e59160e-2373-46bf-8446-4c71edc40fd6,,,DECSTATEIN
0daea9b8-fc85-4e8b-b5d1-778e5a0493eb,,,
152e546d-2605-42c9-aa4c-226d6215d713,,,"DECSTATECA,DECSTATELA"
1705d2a2-bb31-4b4a-8cff-74e81612126d,ACTSTATEATTEND1OTHER,,
ae4a2c56-aaf9-497a-8456-912e38acaf1c,ACTSTATEATTEND1AL,,
379e0acb-8a3f-4e68-a396-1dffb5646061,,,"DECSTATECA,DECSTATEOK,DECSTATETX"
c5477d49-77a9-4c14-a5a1-abde14f07478,,,"DECSTATEAZ,DECSTATENM,DECSTATETX"
ba5e9d78-6d51-4c24-86b9-3e0a6ccc75d7,ACTSTATEATTEND1NE,,"DECSTATENY,DECSTATEVA,DECSTATEWA"
1dae1841-935f-4813-af4a-3f2ce8b3692c,,,
c10f48cd-2445-4e2d-b1bf-ada045bff5bb,,,
d0bb0e65-f3f0-4991-b093-1b97283e9b22,ACTSTATEATTEND1WI,,"DECSTATEIL,DECSTATEMN,DECSTATEWI"
08f62e6c-993c-450e-a7ce-898c8aa91635,ACTSTATEATTEND1WI,,
e4e461c8-59d4-4de4-920c-62c2a53f1708,,,
7d04260b-9488-4cf6-b4c5-633446cdd586,,,
50247d66-cef0-45c5-9d79-062db963b26c,,,
9305d7bb-9074-49c8-84e7-c6274a9f0490,ACTSTATEATTEND1GA,,
c20c5fbb-82b5-4f8d-8ab9-655b1e8b3c47,,,
5761e8cc-af7b-4d11-ad08-c7ab464fba2b,,,"DECSTATECA,DECSTATELA"
3772d5b0-b467-432f-8cd8-cfdcb370ac74,,,"DECSTATECO,DECSTATEOK,DECSTATETX"
e53c9b35-a829-4987-8de7-366a94470f31,ACTSTATEATTEND1TX,ACTSTATEATTEND2AL,
4afbf0b8-ae79-4235-ad08-c2428a19956a,ACTSTATEATTEND1GA,ACTSTATEATTEND2AL,
97023362-ec9a-4eb1-a6b1-efd371787fde,,,"DECSTATECA,DECSTATEFL,DECSTATENY"
7775bcd3-1652-4cb0-8b94-ece50e4c4993,,,"DECSTATECA,DECSTATEFL,DECSTATETX"
ab88afd9-5387-46e6-8d8e-820e89bffdad,ACTSTATEATTEND1OH,,"DECSTATEIL,DECSTATENY,DECSTATEPA"
8a354444-4d8f-4c3f-9a55-a397188b7413,,,"DECSTATECA,DECSTATEMD,DECSTATENJ"
ea872261-8106-450f-839e-91a0e5803464,,,
e1a3583c-4c8e-488e-843c-1fdbd958a246,ACTSTATEATTEND1VA,ACTSTATEATTEND2WA,"DECSTATENY,DECSTATEVA,DECSTATEWA"
b3a943d1-0267-41d8-8241-5b6a2e3c15de,,,
bfe25179-9ac5-4375-97dc-f89651888b30,ACTSTATEATTEND1MA,ACTSTATEATTEND2CT,
506d52e0-9834-41f4-8c8f-4cd698167c17,,,"DECSTATECO,DECSTATEVA,DECSTATEVT"
25af5e4e-318d-43a7-832e-3d9990bfefa5,,,"DECSTATECT,DECSTATEIL,DECSTATEMI"
5a1bade2-b850-4da0-81b5-7bb170be6e8d,,,"DECSTATECA,DECSTATEHI,DECSTATENY"
aadc174b-6890-4db3-ba48-04c647844c90,,,
406cb047-2429-4249-96cd-3b160f0fefcf,,,"DECSTATEAR,DECSTATECA,DECSTATETX"
e665585d-c1bc-4cc7-a4fd-755cab0ecd6b,,,"DECSTATEMD,DECSTATENC,DECSTATEVA"
62e50348-7445-471f-af04-81ec7a530e8b,,,
da055ac9-1dde-41ea-8b2c-98b8e244b619,,,
473aead9-a017-4be8-9cc0-6758edca56d6,,,
007a6328-7cbb-478e-90f0-e7bc5b875a38,ACTSTATEATTEND1FL,,
6d83af0a-6d2b-4c6b-be3d-bee05877b73d,,,"DECSTATEFL,DECSTATEHI,DECSTATEIL"
3c03bedd-3e19-4157-b005-60001b9105f9,ACTSTATEATTEND1MA,,
c309da13-7d47-4b29-bcca-ec6bf7ed5c0c,ACTSTATEATTEND1MA,ACTSTATEATTEND2CA,
81e2cef3-5803-4c07-83fd-6a344e7e1356,,,DECSTATETN
0678de08-a553-439f-9082-048563f4b18e,,,
ce048bda-3d95-4903-8604-29e97f171f03,,,
5b0b77f8-c4c8-4e07-a0d6-ed002b62d45e,,,"DECSTATECA,DECSTATEFL,DECSTATENY"
a6b90d43-34d1-4a51-b5eb-00cc993ebc14,ACTSTATEATTEND1OH,,
892e62dc-3f52-4f0c-a27d-9779e5814d55,ACTSTATEATTEND1OH,ACTSTATEATTEND2PA,DECSTATEOH
826f074a-b0ef-4315-abb0-6ff0af45088c,,,DECSTATEFL
5c1d65c5-bc96-4fbe-bcf0-f7e1e5ac1fdd,,,DECSTATECA
c1cb75c0-d484-4d0f-a0f5-570f864958ad,,,
9b812389-383d-4475-90b7-9c1762041116,,,
3855192c-6d7f-465e-9b10-5d63dc3ca624,,,DECSTATEIL
4f4b3e98-68df-4dc0-bbd2-087993907cfa,,,
c71e7fe7-e312-4609-87e7-4c7a3ba440a0,,,DECSTATEID
f14b273b-dacd-42b7-9f1a-7a76d0f1b2d9,,,
1ca8eab6-6e9b-45d6-ae44-ba573cea8bae,ACTSTATEATTEND1OK,,
3cd90d3b-c7b9-42e4-9cc8-8f2dc734aaa8,,,DECSTATETX
e1842f99-1092-45c5-b551-b5366cfa930c,,,"DECSTATEAL,DECSTATECA,DECSTATETN"
87389eff-7e91-42d8-b63a-c9cb091427a4,,,"DECSTATEAZ,DECSTATENY"
f2c66f63-98b1-48d6-b2ad-c11e5a9f55d5,ACTSTATEATTEND1VA,ACTSTATEATTEND2WV,"DECSTATENY,DECSTATEVA,DECSTATEWV"
53758631-71e8-4faa-bfbc-210893585a74,ACTSTATEATTEND1WV,ACTSTATEATTEND2TX,
593651a8-3696-4a31-92ad-b267d41af2ab,,,
1d979255-e47e-4c6e-9c6b-14a0f0af4d79,,,
b467faf3-4b6f-4f39-a195-77b31d6b2918,,,"DECSTATECA,DECSTATENJ,DECSTATENY"
a9823f28-1cbc-444b-a530-4f82c560a47f,,,"DECSTATECA,DECSTATENY,DECSTATEWA"
03ad19e9-6be0-447b-b1dc-4381e4ad622b,,,"DECSTATECO,DECSTATETX"
38d3b3e6-7f7e-4448-896e-e0f717625e41,ACTSTATEATTEND1AL,,
80203aeb-3be5-4fb2-a97f-4f0756cd3c10,ACTSTATEATTEND1CA,ACTSTATEATTEND2OTHER,
cc53f85c-3853-4c56-9989-a61aac75682e,,,"DECSTATECA,DECSTATEMI,DECSTATENY"
a49c5dbd-4cc5-4d39-8be8-504ac62518d9,,,"DECSTATEID,DECSTATEOR,DECSTATEWA"
23b5a3de-15ef-4a4c-b0d9-25b8e35c50c1,ACTSTATEATTEND1MS,,
72e38938-88fa-46d7-ab23-48e8b51ba68d,,,
b3c62de9-2357-4ab3-9301-13751e213ea4,,,"DECSTATEMD,DECSTATEMN,DECSTATENC"
9b5b0cd1-9ec8-47d5-bda2-16943641b68d,,,
5cfce77e-8c25-4ff5-a42c-bba15c2747aa,ACTSTATEATTEND1LA,,
c0cdce15-1d9c-435f-a381-09d9c437ffe2,,,"DECSTATENC,DECSTATESC,DECSTATEWV"
45fca5f7-4871-4220-8f64-8bddd7710892,,,DECSTATEMI
a405f375-2a65-4583-9d08-fb7328f589a7,,,
fff09a81-c45e-4675-adac-25ea99ef3959,ACTSTATEATTEND1SC,ACTSTATEATTEND2GA,"DECSTATEGA,DECSTATENC,DECSTATESC"
dc819900-c532-4fb7-933c-f923e4eaf4a9,ACTSTATEATTEND1KY,ACTSTATEATTEND2IN,
03ab3323-5f8a-47f8-8ed0-6154416bc911,,,"DECSTATEIN,DECSTATEMI,DECSTATEOH"
6d1ae0d5-587a-4543-8cb7-257e78fb1455,ACTSTATEATTEND1OTHER,,
2843c704-a5ba-4ac4-a0f0-de498b6cd9f9,ACTSTATEATTEND1TX,ACTSTATEATTEND2TX,DECSTATETX
cf15bc49-32f3-415e-b810-fbafd4caeae1,,,"DECSTATEAL,DECSTATEFL,DECSTATEGA"
772c4f42-2d19-4086-982e-e069fc65cac0,,,
1a063dcb-aa8f-4a0b-9688-9f5647ee5c20,ACTSTATEATTEND1FL,ACTSTATEATTEND2FL,
134e25df-82f6-4d3d-ab5a-3836966cefba,,,"DECSTATECO,DECSTATEFL,DECSTATEPA"
0fb3ea79-cbee-41e7-affc-21c1057d1cc5,,,"DECSTATECA,DECSTATEMA,DECSTATENY"
36c16ce5-1e79-4950-b3bb-5c804732cfc7,,,"DECSTATEDC,DECSTATEMI,DECSTATEOH"
c8636edc-c4d9-4a2d-ba74-da21347c07dd,,,"DECSTATEMI,DECSTATETN"
f7c90cec-0d08-4947-9bb0-cb5c3f332d2c,,,
19daf16c-d20f-4d30-931f-d4c2033f6cef,ACTSTATEATTEND1TX,ACTSTATEATTEND2TX,
4cc1b847-16a6-4879-b384-29adc4f17656,ACTSTATEATTEND1LA,,
e9df4b7a-c4a6-4ef6-8a76-2fa042fea6f3,,,
d45e5a58-0efd-4bbb-8b8b-2dc973e56c38,,,"DECSTATECA,DECSTATEMO,DECSTATEOR"
cdd490bb-3d46-4ed1-b316-ff255c395317,ACTSTATEATTEND1SD,ACTSTATEATTEND2NE,"DECSTATECA,DECSTATECO,DECSTATESD"
931c5a2e-a231-42fe-89fc-934ca783b45f,,,"DECSTATEAR,DECSTATEOK,DECSTATETX"
0f7b433e-0065-4795-908c-04f70b4cec13,,,"DECSTATECA,DECSTATENM,DECSTATENY"
0b8d02a3-1690-4785-a524-15ae0c6b8955,,,"DECSTATECA,DECSTATENJ,DECSTATENY"
b436d36b-4ab9-406e-890b-d86291ae2a20,ACTSTATEATTEND1LA,ACTSTATEATTEND2LA,DECSTATEMI
cb107f81-4a19-45ea-9a75-08adb3ec0b01,,,"DECSTATEGA,DECSTATEKY,DECSTATEPA"
48d58c00-813f-4a07-ac3e-7e9acede9111,,,"DECSTATECA,DECSTATENV,DECSTATEWA"
d9199cdf-9c52-4985-a4f7-d83197627ef0,ACTSTATEATTEND1KY,ACTSTATEATTEND2KY,"DECSTATEIL,DECSTATEKY,DECSTATETN"
4fde6423-43b5-4f1d-8c18-7d8a4454a0af,,,
31ae85d7-b156-45c6-bfc4-f5416d1cf5bd,,,"DECSTATECA,DECSTATEOR,DECSTATEUT"
1407a564-c260-438c-b9c2-a9fb56578e9d,,,"DECSTATEAZ,DECSTATEKY,DECSTATENC"
7ec47494-cf03-4caa-bb77-25f907d7ae18,ACTSTATEATTEND1NY,ACTSTATEATTEND2CO,"DECSTATENJ,DECSTATENY,DECSTATEPA"
baff3190-f082-4ba8-bfab-06896c85de67,,,"DECSTATECO,DECSTATEFL,DECSTATEPA"
dd74d788-4c42-4374-918a-1b96fa6364f7,ACTSTATEATTEND1MD,ACTSTATEATTEND2DE,
5124de98-3d2c-4aa0-8b85-19b27546e03b,,,"DECSTATEFL,DECSTATEGA"
adda2065-c726-47a8-b644-587fd2d5626a,,,
92b02531-ddad-4899-ba7f-4cf8888013f2,,,"DECSTATENM,DECSTATEOK,DECSTATETX"
f25d13bb-6098-489f-bbe0-815e21d034f0,,,
c214168b-89b8-4ff9-8657-5d3195680ebd,,,"DECSTATEAZ,DECSTATECO,DECSTATENC"
48e3ab08-8fdd-4752-8981-b91e7f677efc,ACTSTATEATTEND1WI,ACTSTATEATTEND2MN,
9c4ec4be-4332-436e-bb17-d3da55714bb1,,,
8302dfba-aa67-46d7-8f54-bd6cb98d5b8a,ACTSTATEATTEND1OTHER,ACTSTATEATTEND2NY,
682d8e3c-3611-4377-a4f8-8f8d7128015c,,,
924be1fe-fc57-4cac-9e36-c8d013243f5f,ACTSTATEATTEND1FL,ACTSTATEATTEND2NY,
31a0afab-bc5c-48fe-9c08-9701ce6e084a,,,"DECSTATECA,DECSTATECO,DECSTATEIL"
5d1f1ccb-eb66-470a-9d73-de4f63c60b5b,,,"DECSTATEMA,DECSTATENJ,DECSTATENY"
48891ef2-0cd5-4fcd-b9a6-3ddbf3029057,,,
c6c84dc1-8700-47c0-a554-06c14685d28e,,,
5028522c-9ab1-4155-94fa-cdf18ac430cb,ACTSTATEATTEND1OK,,
6ad014bf-4c37-40f9-b842-9dedeb2c48d5,ACTSTATEATTEND1WA,ACTSTATEATTEND2VA,"DECSTATEAR,DECSTATEFL,DECSTATENC"
e863aa6c-bfd0-4695-9ec1-958ba0c9cdd9,,,"DECSTATEIL,DECSTATEMI,DECSTATEOH"
dcd51e77-ad25-4300-82a4-ad7bc30209e7,,,"DECSTATECA,DECSTATEIN,DECSTATETX"
f1095453-47c8-457d-898f-8cd7eeb79335,ACTSTATEATTEND1OTHER,ACTSTATEATTEND2GA,
a6f4cf57-4540-470f-ac07-3f3b5ef4b5b6,ACTSTATEATTEND1VA,,
29359b29-cc08-45cd-ac79-9196de39af73,ACTSTATEATTEND1MI,ACTSTATEATTEND2OTHER,"DECSTATEMA,DECSTATEMI,DECSTATEWI"
56b2faaa-9615-4c83-8ec4-47f8111a24ff,,,"DECSTATEKY,DECSTATETN"
525d41de-384b-4322-80d5-296b5036bb1d,ACTSTATEATTEND1TX,,
656ef33b-8b9b-4b31-a294-86aee8d13126,ACTSTATEATTEND1NE,ACTSTATEATTEND2KS,"DECSTATECA,DECSTATECO,DECSTATEKS"
0f6cf46f-0fe8-4085-a4a1-2809575cde3e,,,
fedff368-2cd4-4f5c-9a32-6ed75fd61187,,,"DECSTATECA,DECSTATENC,DECSTATENY"
298f3ff7-be67-49b9-88bf-eec24b86feab,,,"DECSTATEFL,DECSTATEOH"
d1dbda36-ac80-47ee-bc85-900b2e3ef500,,,
e413b6ae-81cb-4133-9c5b-064167bd54f4,ACTSTATEATTEND1TN,,
97811c20-67a5-49d7-b5d0-d85535d77d2b,ACTSTATEATTEND1FL,ACTSTATEATTEND2MA,"DECSTATEMA,DECSTATEMD,DECSTATEVA"
600fa715-fc58-4413-ac41-b9aadc75cbb6,,,
f3285c39-4cf5-436f-a8cc-a98d721f63ef,,,"DECSTATECT,DECSTATEMD,DECSTATENJ"
18f9a32f-8aa0-4030-923d-b0f4b3eddf32,,,"DECSTATEID,DECSTATETX,DECSTATEUT"
644dc600-c40c-406c-a12e-73708719338a,ACTSTATEATTEND1NC,ACTSTATEATTEND2GA,
19f2634b-0eb5-4e49-bb04-7fe8d23b5de0,,,"DECSTATEFL,DECSTATEGA,DECSTATESC"
079d5791-4d38-4cb1-ba14-8ed02c964ed7,ACTSTATEATTEND1MI,,"DECSTATELA,DECSTATEMI,DECSTATEWA"
b611a5e6-2e80-43c0-969a-9c3b17c65ac9,,,"DECSTATECA,DECSTATECO,DECSTATETX"
ee4c2ee7-b876-4eea-bbc7-2cfa0a6f4049,ACTSTATEATTEND1TX,,"DECSTATEAR,DECSTATEOK,DECSTATETX"
658431bc-e62f-4a88-ba16-4d5608ce6bc6,ACTSTATEATTEND1VA,ACTSTATEATTEND2VA,
cfae8637-635e-4b90-b9f5-d4a7ae1a300d,,,DECSTATECA
01723800-fe03-41a2-ab5b-52867ec4a953,ACTSTATEATTEND1FL,ACTSTATEATTEND2GA,
2ca3f3f8-ab73-471f-ab26-21612c29d682,,,"DECSTATECA,DECSTATEFL,DECSTATENY"
ba7844fb-e9b5-450f-bfc3-e855ff788471,,,
2c83912f-5f0c-4ded-80c4-fcc5ba123463,,,"DECSTATECA,DECSTATEFL"
3b410255-4dc6-4927-87ad-756a2f5d916b,,,
020d1be0-1051-4fc6-b4dd-1fa5f8a4b10d,,,"DECSTATECA,DECSTATEGA,DECSTATEPA"
a9a0b4d8-68b9-4717-89b5-9ef1b9cbaa38,,,
862d8909-8f7d-44d1-8c7c-aad11314a841,ACTSTATEATTEND1PA,ACTSTATEATTEND2MD,
1f54bae3-bfdf-443c-98a4-4865df0f717d,,,
acdea84f-0fb9-4952-a8ad-937f5b8b7857,,,"DECSTATECO,DECSTATETX"
d0413324-aefd-4085-b4e7-2b4fc5db4989,,,
f46cb20e-f62c-477a-b75f-62d71f34bfce,ACTSTATEATTEND1WI,,
055c6cea-7a0e-4e05-86ee-134236067dd7,ACTSTATEATTEND1AR,ACTSTATEATTEND2KS,
34749735-d139-4c60-b2df-c55d8f35f08c,,,"DECSTATEIN,DECSTATEWV"
7aca55d3-dada-4c63-96ba-412575197681,,,
866e8c1d-818f-44f5-b81b-a794180c3927,,,DECSTATENE
abfa9609-ec53-43b5-9bad-3f22192b67bf,,,"DECSTATECO,DECSTATEOR,DECSTATEWA"
fda41530-f262-47ff-8bc6-40e99f62e869,ACTSTATEATTEND1IA,,
0bd06282-5860-4df5-acb2-ec2d8e03e4e2,ACTSTATEATTEND1NY,ACTSTATEATTEND2MD,
d9129615-1181-4b87-add2-627d8f865eee,ACTSTATEATTEND1FL,ACTSTATEATTEND2OTHER,DECSTATEFL
7c62e564-8664-4ba3-a9fc-f0cf11e7cbd8,,,
531141c8-f80c-4e20-a125-3cc6602f06b8,,,"DECSTATEFL,DECSTATEGA,DECSTATEMD"
1d30e9b5-196c-4929-bc14-2f7c723424c8,,,"DECSTATEAZ,DECSTATECA,DECSTATETX"
8a5a9653-9ace-4f21-922f-8948d5e7bfa3,,,"DECSTATENC,DECSTATEVA"
e0a570f2-f030-49f9-a0fc-60d1551a07f6,ACTSTATEATTEND1MO,ACTSTATEATTEND2FL,"DECSTATEFL,DECSTATEMO"
f1891b85-9826-4617-9785-f63fdf3be66e,,,"DECSTATEAL,DECSTATECA,DECSTATEFL"
09e7fbed-4caa-4c17-85be-b42951c2916a,,,"DECSTATECA,DECSTATENY,DECSTATEOR"
4d22fedb-7644-43a4-a9e5-36ce9332a544,,,"DECSTATECA,DECSTATETX,DECSTATEWA"
fee9c9fb-5353-4ad4-82cf-56e2155f407d,ACTSTATEATTEND1MO,,
786a5565-5556-4b1c-8531-a057415e1619,,ACTSTATEATTEND2IL,
35002a89-ab1b-4421-9762-3a523be001cb,,,"DECSTATEIL,DECSTATENY,DECSTATETX"
61f08267-eeab-46cf-baf8-cf11d780811a,ACTSTATEATTEND1OH,ACTSTATEATTEND2FL,"DECSTATEFL,DECSTATENC,DECSTATESC"
25bba959-0114-47ef-b979-81342138907e,ACTSTATEATTEND1TX,ACTSTATEATTEND2TX,
2ade96a7-c8d9-4729-83cf-77151487dd5f,ACTSTATEATTEND1NC,,"DECSTATEAL,DECSTATENC,DECSTATEVA"
d9eb0215-d85f-4232-89e1-d2e4523216b0,ACTSTATEATTEND1OH,,"DECSTATEFL,DECSTATEKY,DECSTATEOH"
b0898a0b-6ea5-4c51-988b-272535e34296,,,"DECSTATEIA,DECSTATENE,DECSTATEWI"
1fdf6fb1-af43-451d-9541-5d71d1490cef,,,
2e479e9f-4ef0-4547-9bb5-ebabf95bf8d3,,,
0a3c6dd0-765f-4c5c-8f49-0a0b960b0225,ACTSTATEATTEND1DC,ACTSTATEATTEND2FL,
72da7399-f4e2-4d60-a435-9838a5490858,,,"DECSTATEFL,DECSTATENY,DECSTATEPA"
52dc4828-6588-4929-b7ab-eb3bc825c2b6,,,"DECSTATEOH,DECSTATEPA,DECSTATEWV"
1d84bf5f-cfc4-42f5-b396-89791956bb1b,,,"DECSTATECA,DECSTATEFL,DECSTATENY"
1e34ca2d-c91b-47fb-ab69-0bbc17afd61d,,,
c59d400c-e16a-4589-80fd-e05b945b3356,,,"DECSTATEIN,DECSTATEMI,DECSTATEOH"
c3a5b0c8-7cdf-41fa-a8a3-deb06888c3cc,,,
cd2c5864-1515-4bf7-8185-8b3e92c23191,,,
d3c0bc0b-c662-4f7f-9095-3f9a9216ffcc,,,"DECSTATENJ,DECSTATENY"
af0ede0b-ae93-4a70-a72c-a65ef9f62632,,,"DECSTATEAZ,DECSTATECA,DECSTATETX"
1485d529-a3ce-48e6-83b3-b7075cda1259,,,"DECSTATEMA,DECSTATENJ,DECSTATEPA"
bf1edc7e-a58c-497b-b176-c6f2f72edffb,,,"DECSTATENC,DECSTATENY,DECSTATESC"
9bbf8a90-e775-4438-af24-8f1853554930,,,
214efdda-6afc-4e94-bca0-9d4dc7802bb9,,,"DECSTATEAK,DECSTATEMO"
96032e53-494a-47f6-92c8-ff753d63e163,ACTSTATEATTEND1CA,ACTSTATEATTEND2CA,
f31f94da-68af-46db-af03-81b10684099d,,,
0dff24d2-9f7d-4ac6-a581-e70bffc18d4c,,,"DECSTATEKS,DECSTATENC,DECSTATETX"
489a7a71-42fb-4c11-a5b1-5d258837b7b8,,,"DECSTATEFL,DECSTATENC,DECSTATESC"
f89731e0-977a-4b1b-b958-3486a834ee7d,ACTSTATEATTEND1CA,ACTSTATEATTEND2PA,
0e715bf3-2a66-4d88-a2ff-00ac1de497e1,,,DECSTATEAZ
df352b28-407a-4f65-a643-84903be49b38,,,
ea5e61c0-86a7-43f8-a5e8-b8d532511d0c,ACTSTATEATTEND1AZ,,
59786fa9-7c38-415b-ad4e-19e188a02711,,,
999e20ce-23b0-4981-8125-2a243c6d9e05,,,"DECSTATECA,DECSTATENY,DECSTATERI"
6f0a050f-a63b-4b01-8049-b0a0ea5b0730,ACTSTATEATTEND1LA,,DECSTATELA
5c12261d-15b7-40ec-b437-f8b379ba3eed,,,
0e971d42-0ee5-485c-afec-c2e7601cae00,,,"DECSTATEGA,DECSTATENC,DECSTATESC"
9817d1cb-1afe-49f8-b144-f2db4079bccb,,,
3aceabf6-47fd-4862-8247-c54c895b8dd8,,,"DECSTATECA,DECSTATEIL,DECSTATEWA"
dba2ab46-16bc-42ff-ac69-4b50c379d4d0,,,"DECSTATEMD,DECSTATENY,DECSTATEVA"
5a81b2ee-7476-4225-9c7d-5f5884606206,ACTSTATEATTEND1CO,ACTSTATEATTEND2OR,
7ec3fbd8-2fd9-4540-bf7a-5bfd56a6baf3,ACTSTATEATTEND1OH,,"DECSTATENC,DECSTATEOH,DECSTATEWV"
834f6bf2-bde4-4989-9d85-0ea5247a64de,,,"DECSTATECA,DECSTATEHI,DECSTATEOR"
c9d0bbd1-8db1-4ab3-9d66-4e6a28a6a0a2,ACTSTATEATTEND1FL,ACTSTATEATTEND2AL,"DECSTATEAL,DECSTATEFL"
fd790738-b30b-4822-8fd1-ceeee8911aea,,,
baf1972b-df00-4487-8896-d67ffff5886f,,,"DECSTATEAL,DECSTATEKY,DECSTATEOH"
e83e34dd-1580-4e39-b752-d55dc0849145,,,
928925e6-2dcb-4fba-b664-f1b567295e19,,,"DECSTATEIN,DECSTATENY,DECSTATEOH"
a65a9b10-ca8e-4fc9-b109-3a240e804bf7,,,
f6270042-df63-417f-ad14-79d147ff9fef,,,
f4f02a22-36ec-4bc9-bc54-20bb99a1b79a,,,
95a580e7-53f2-4a82-8930-4f59b8931ae2,,,"DECSTATECA,DECSTATENV,DECSTATENY"
06a5e992-00ee-4946-92a6-27e6c39204e9,,,
8819ef33-d10a-4f26-b2ac-6c3100875782,,,"DECSTATECA,DECSTATEDC,DECSTATEMD"
66ca5740-bee7-4943-8d07-14189da27e01,ACTSTATEATTEND1WA,,
dada9c9e-c7ba-43b4-bd6a-88597d1c6456,,,"DECSTATEAL,DECSTATEDC,DECSTATEOH"
d9caa02b-97c1-416f-a90e-ca83f7d399a1,,,"DECSTATENC,DECSTATEOH,DECSTATEPA"
b3284ccb-c5b6-4730-a165-c9e85f3dd1fe,ACTSTATEATTEND1OH,,"DECSTATEFL,DECSTATEKY,DECSTATEOH"
7a59b0d3-e939-42ed-a81c-a3c4312cd414,ACTSTATEATTEND1NH,ACTSTATEATTEND2MA,"DECSTATEAL,DECSTATEMS"
62ff9b74-7b78-4a8b-acf0-6644df561930,,,
80332eab-7d71-4fd6-a222-53467a663dcc,,,"DECSTATECA,DECSTATEMA,DECSTATEMO"
631085b9-4148-4cd6-b354-baa1a91f143b,,,"DECSTATECA,DECSTATEFL,DECSTATENE"
12201106-d783-4e5c-9010-3285a967a499,ACTSTATEATTEND1MN,,
c3a42eb8-a0f5-4589-9f2a-0fe32bf0e73a,,,
bb82e0f9-6129-4f2a-bc8b-6eaca0abbe60,,,"DECSTATEAL,DECSTATEGA"
04a633ee-2bb2-4f9a-ae5d-686f38d88fe9,ACTSTATEATTEND1UT,ACTSTATEATTEND2ID,
47e50f9a-0fee-4d53-9fea-aa3ccafb42fd,,,
5abe8377-3065-46fc-8f51-790487c80772,,,
2bba65eb-473e-4a47-a5ed-d5794d01ac24,,,"DECSTATENC,DECSTATEVA,DECSTATEWV"
4bc49ea5-7b93-44f7-aa4a-443e5a70dc44,,,
dd44fff8-4755-4ee7-8c49-5d1cf931ed6c,,,
68a8bbb9-9c34-496f-9ffe-7ca3d70ee825,ACTSTATEATTEND1MN,,
90240913-4b23-49b9-8280-4ce825dd3682,,,
3fbdf588-ab54-4cca-9465-0d799bee8c00,,,
9261ca16-1bef-4128-8ff2-b85c037614e1,ACTSTATEATTEND1MO,ACTSTATEATTEND2KS,DECSTATEMO
54f82257-d005-4bc5-9ff3-48ccb3f6852a,,,
9560f996-850d-465b-89ee-aa3a15c339bd,ACTSTATEATTEND1KY,,
96293189-ab39-48d6-b1b3-67890cc32397,ACTSTATEATTEND1CA,ACTSTATEATTEND2NV,
15b0d41a-ed6e-4b6c-b7eb-08058298609c,,,"DECSTATEAR,DECSTATELA,DECSTATETX"
0568e70a-2ecb-4a74-92e3-97f5cd1f8b59,,,"DECSTATECA,DECSTATEFL,DECSTATEID"
9b063a88-eb93-467e-b6bd-cda616e3efb3,ACTSTATEATTEND1TX,ACTSTATEATTEND2TX,
b13ecafb-9c1f-4e46-a700-a48204ff6b87,ACTSTATEATTEND1MS,ACTSTATEATTEND2CA,DECSTATEMS
3ae4a03e-dfb2-4807-81ce-52feab8eb844,ACTSTATEATTEND1NV,,
ece23506-e8b4-4feb-8839-fb17d6616c58,,,"DECSTATEIN,DECSTATEKY,DECSTATEOH"
486c8d2d-fd58-433a-bfcd-08378aa40471,,,"DECSTATEAL,DECSTATENC,DECSTATETN"
802822e5-9800-4355-b5ed-a07e90adcb25,,,
fb98666f-02c7-48b5-ada3-39e535d65a65,,,
7a13f79c-51be-4c5c-ad76-83bf1340e531,,,
7484ebcf-e60d-434d-a0d2-670d87037848,,,"DECSTATECA,DECSTATEFL,DECSTATENY"
5b30b611-0b2b-4dd7-b164-5c8a08201f2a,,,"DECSTATENC,DECSTATENY,DECSTATEVA"
2a94689f-5417-428e-ae55-504ac97ba923,,,"DECSTATECA,DECSTATENY,DECSTATEOR"
c59ce561-485d-461b-8886-b909aae68ff3,,,"DECSTATEAL,DECSTATEHI"
972690e0-0541-4e71-9c4c-9156065a0bf6,ACTSTATEATTEND1DC,,
32c32b1d-0138-418c-ae25-fe4a48cf811a,,,"DECSTATEOH,DECSTATEPA,DECSTATEWV"
f024967a-5d9d-4d42-be2c-749affd394ff,ACTSTATEATTEND1TX,ACTSTATEATTEND2OK,
4d936fbe-558b-4dc8-b115-874323767761,,,"DECSTATEAZ,DECSTATEHI,DECSTATEMD"
c494f61f-c6ec-4b0a-bad5-3fc7c80ac6cd,ACTSTATEATTEND1MO,ACTSTATEATTEND2NC,
7d694b35-1aa9-4515-a62c-c18b4967530f,,,
09919901-a8d9-4855-bcdd-c375c685ab52,,,"DECSTATECA,DECSTATETX"
578cf382-7d03-409f-8fd5-4f1125f83a14,,,
0d40303a-8fca-4299-8727-ef5a40344e52,,,DECSTATEMO
c4ffd9c3-6121-4463-834b-dbfc59e2b566,,,
898b3c6c-9b83-4c1c-bdc4-271e3c78f882,ACTSTATEATTEND1FL,ACTSTATEATTEND2GA,
7556f14b-bc50-44e0-aa81-21fda54d446f,ACTSTATEATTEND1TX,ACTSTATEATTEND2OK,
82b27657-3740-433a-b50e-af6ce1cfeaf9,,,
a3be5481-4e48-462f-a47c-29b9e08304ea,,,"DECSTATENC,DECSTATEOH,DECSTATEPA"
63926062-24f0-466f-ac40-845414b8a3ab,,,"DECSTATECA,DECSTATENC,DECSTATENJ"
2e69c5db-665b-4557-8545-43c78d5c6f5d,,,
3e0e8771-75eb-4012-9548-49a845cd031d,,,
ff4bcc68-d919-4d55-9005-46adc2e4073b,ACTSTATEATTEND1NJ,ACTSTATEATTEND2PA,"DECSTATENJ,DECSTATENY,DECSTATEPA"
1e25d3fc-5670-4748-b4e8-8675277a0466,,,"DECSTATEIL,DECSTATEIN,DECSTATEMI"
1bb94c24-f84d-4613-9c59-8d39e486ca4f,,,
abfaa4b2-b632-4f99-ad4a-12964a312718,,,
f6f564ba-be21-42da-a143-4717e6527af6,ACTSTATEATTEND1NY,,"DECSTATEMA,DECSTATENY,DECSTATEPA"
97b24561-7e18-42d7-a2bd-fce51d884447,,,
4d268149-b9cb-42b2-ac75-495a2125db8e,,,DECSTATETX
575130c5-569e-4185-88ed-81986191dabe,ACTSTATEATTEND1TX,ACTSTATEATTEND2TX,"DECSTATEOK,DECSTATETX"
3f98c979-a5ba-49b1-a878-669ec76caa5a,,,
912bcf90-03a3-4e14-82e8-4618886e4be8,ACTSTATEATTEND1AL,ACTSTATEATTEND2FL,"DECSTATEAL,DECSTATEGA"
178a4f5f-6e3e-4a58-99e4-5c52b094bb0e,,,
7fe5f7b2-398d-4964-9062-238d1e5fa6b3,,,"DECSTATELA,DECSTATEMI,DECSTATEMN"
56802919-749a-4aff-ba62-c21724d32039,,,"DECSTATEAK,DECSTATELA,DECSTATENY"
bce83e0d-c045-43ec-bf45-5ed299841165,ACTSTATEATTEND1TN,,
d9b43ec1-0900-4d22-9840-93646cbe8663,,,"DECSTATETX,DECSTATEWA"
7e1c18da-1d91-404f-8f4c-107cdb862cee,,,
f0bdf730-ab7b-4aac-9f0f-49820a5b3e06,ACTSTATEATTEND1WI,,
37d22262-d2cb-493a-a333-da0f1329bd03,ACTSTATEATTEND1GA,,
617bc538-8d3b-4bb5-a25e-8f48944013b1,,,
3871ab0f-683f-411a-9286-78254ecc00e0,ACTSTATEATTEND1GA,ACTSTATEATTEND2SC,DECSTATEGA
c971dce0-c279-40d5-b847-e460d0c57c62,,,DECSTATEFL
9f1fd6ad-79b2-402b-bfea-6b9660293a73,,,
37c3929a-fee3-42ce-90e0-8388d7fd5813,,,
c50f513a-1e6e-46b7-8b29-139c9589d87c,ACTSTATEATTEND1FL,,
c5b57285-afa6-4077-8cb2-0122141dd1bf,,,"DECSTATEAZ,DECSTATENM,DECSTATETN"
df08f132-8461-4299-9f06-75a171b69558,,,"DECSTATECA,DECSTATEOR"
a0b5f468-0982-45a5-b2de-034df0c6bc54,,,"DECSTATEAL,DECSTATEAR,DECSTATEFL"
34dd5909-cd09-4dec-83f6-6fb5392d8af7,,,
d4b40986-1d59-446e-afa4-fa64f94e0a50,ACTSTATEATTEND1CO,ACTSTATEATTEND2TX,
450d0917-ec19-47d0-a3e5-5caa8324586c,,,"DECSTATEVA,DECSTATEWV"
5f9beb30-3bf6-4c1b-9cf3-d52a5b68db31,,,
ee8995da-0969-433b-8f3a-1fe8fdb3b0dd,,,
806bdb2f-166f-4a47-a3be-5cd77cf4dfa3,,,
bcee7d63-d701-4f39-9700-d792f8c9fd34,ACTSTATEATTEND1IN,ACTSTATEATTEND2IN,"DECSTATEIN,DECSTATEMI,DECSTATEOH"
83428f77-3ba9-4f91-9821-ca817734d876,ACTSTATEATTEND1MN,,
c87f1237-c9e5-423a-92dd-23baeae53700,,,DECSTATEWV
8d48d8db-9f81-4ed2-a84a-29183c3a8665,ACTSTATEATTEND1MN,,"DECSTATEMN,DECSTATEMO,DECSTATEWI"
3d4d138c-5cd8-420a-87ca-1d6baf2bd930,,,
6b586b85-3749-4724-b98e-e5cee3ebddde,,,DECSTATEPA
b2d0e803-3d6f-429b-a7a9-047e0fc9cca1,ACTSTATEATTEND1AR,ACTSTATEATTEND2AR,"DECSTATEAR,DECSTATEOK"
d3a03956-8575-4417-86a1-98a28ff98cf7,,,
01ae3183-a6dd-446b-882d-f9289990b380,,,"DECSTATESC,DECSTATETX"
cdba93b7-c12b-40c7-ac76-32e5186a0313,,,
3b9feacf-6eb8-4486-bbc8-bed03e77163f,,,
e662e439-e46f-4ca4-82ef-86f69143fb0c,,,
4120a647-0fb0-4e10-8a47-6867ca8c7279,,,"DECSTATEAL,DECSTATEFL,DECSTATEGA"
c1913d61-e532-48d7-a7f3-d0bfde37e834,,,"DECSTATECA,DECSTATEFL,DECSTATENY"
7725983f-68ef-47c5-bcca-05a0b0c4c23d,ACTSTATEATTEND1LA,ACTSTATEATTEND2MS,"DECSTATEFL,DECSTATEGA,DECSTATENY"
1d07a8f8-af7a-4b8c-813b-ba08294f2dda,,,
cbd7e62a-88ee-4915-b3b0-c7fdf5971675,,,
7627cd41-35ee-4663-9697-b255c59aabd4,,,
f7f73bae-38c1-4d77-81a3-8b796025eed2,,,"DECSTATECT,DECSTATEMA,DECSTATENY"
c4ba3721-6ab8-40d1-b8d6-fc731f8153a0,,,
bf1a6558-8f3f-4619-b06f-0967fde257ea,,,
b7bccda4-e5e2-4e1b-9dd1-86d29d9e7c0d,,,
773abc73-b2f3-4b9d-aa71-f48d649bac53,,,DECSTATETN
7f01e1c7-0b27-42b0-957c-4b8543eba0bc,,,
b68506d7-c3aa-4443-adc4-fdff5c38848e,,,
8aadc047-2496-44d9-89bc-2bcb4ab50cb2,,,"DECSTATENJ,DECSTATENY,DECSTATEPA"
a99ac9f0-6fc9-48ad-a3a6-d23ea6f25c24,ACTSTATEATTEND1NY,ACTSTATEATTEND2OTHER,"DECSTATEFL,DECSTATELA,DECSTATENY"
e96b673c-f6fa-418f-9f6b-057169fa518e,,,
1944f428-cba9-4659-ad6b-e617d89d4b37,ACTSTATEATTEND1TN,ACTSTATEATTEND2VA,"DECSTATENC,DECSTATETN,DECSTATEVA"
fceaa448-9bc9-4a16-86fd-b46a69fd832c,ACTSTATEATTEND1CA,,
62cc8858-91f3-4e64-b0bf-8dcc2f065b99,ACTSTATEATTEND1OK,,
1293bf41-3a25-454e-ad97-6c42dca2f33c,,,
6abbb811-46e1-4cf1-93df-96db967794d3,,,"DECSTATEMD,DECSTATEPA"
1e2ff67a-d71b-4d75-a2aa-db19a4b1f6fc,ACTSTATEATTEND1GA,ACTSTATEATTEND2CA,
2a73ed20-727d-481f-b6ca-a81c713278d7,ACTSTATEATTEND1ID,ACTSTATEATTEND2OR,
4270f8af-4004-4a7a-9294-6e5215d942af,ACTSTATEATTEND1TX,ACTSTATEATTEND2MS,"DECSTATECA,DECSTATELA,DECSTATENV"
5e8e5a3a-be81-4e05-8ab3-99d3ff88cc46,,,"DECSTATEFL,DECSTATEGA,DECSTATENC"
cdc73ae7-a6df-4abc-a1c0-974216c80869,ACTSTATEATTEND1OH,ACTSTATEATTEND2SC,
a2d57462-98db-450f-a6a3-4eabc0caf657,,,"DECSTATEID,DECSTATEOR,DECSTATEWA"
6d93d7a1-1c39-472b-ade5-f4c1444198b0,,,"DECSTATECA,DECSTATEFL,DECSTATETX"
238b2890-dcfd-4ccc-9a33-89552c2c437e,,,DECSTATEWI
271aced7-3937-44ed-9fc7-db4640f4f10d,,,"DECSTATEFL,DECSTATEGA,DECSTATEOR"
f174d4d5-c705-4018-8934-14751ac1b286,ACTSTATEATTEND1SC,ACTSTATEATTEND2NY,
af240dd9-1b7a-4f8e-800f-1a7d2d25c60d,,,
d35c6d88-379e-4514-ba16-225ade1bbec4,ACTSTATEATTEND1KY,ACTSTATEATTEND2OH,
0b2291f8-58b7-4e92-8ed9-d75d341c2de4,,,
0ec7f0ec-f853-450c-902f-f45f55634b07,,,"DECSTATEMT,DECSTATEOR,DECSTATEWA"
b708f4e1-8811-406e-8d30-256d0ff9a3cf,,,
e1ec1fa7-5af7-4301-9cea-125a420ccccd,,,
85696310-6c1b-494a-af6e-973da40c3b16,,,
1238ba04-88af-4f0c-945e-5d965c179bf6,ACTSTATEATTEND1MS,ACTSTATEATTEND2MS,"DECSTATEKS,DECSTATEMS"
a62c43c6-3e18-4091-b1cd-46d577f93b1d,ACTSTATEATTEND1GA,ACTSTATEATTEND2TN,"DECSTATECA,DECSTATEGA,DECSTATENY"
f76b55fd-979a-42be-81fa-9bdc4f30c2bb,ACTSTATEATTEND1FL,ACTSTATEATTEND2SC,
e6f8d980-e543-4e74-9b60-144107320f1a,,,
d7616996-b41e-46a4-a16f-fee5b3e2c741,,,"DECSTATEAK,DECSTATECA"
530ed98d-cc53-443a-bdfc-b0f88c8dbc1d,ACTSTATEATTEND1OH,ACTSTATEATTEND2MA,
8b15f44d-ee24-4841-b4f4-e432e46c822b,,,"DECSTATEFL,DECSTATEIL,DECSTATEMD"
58e18086-99c0-4c05-ab3f-5e20b02d5d80,,,"DECSTATEIL,DECSTATEMA,DECSTATETN"
32075d1e-8648-4f6a-8b0c-1755e07f18d0,ACTSTATEATTEND1NY,ACTSTATEATTEND2HI,
8ee1684b-0454-4a0a-ad85-c5f440fc7160,,,"DECSTATEAZ,DECSTATECA,DECSTATEFL"
53c84539-99a1-4287-93bf-56e0370a8ff4,,,
ad00ea22-23ea-4dd7-be9c-e0d464e565a9,,,
bf4d2cb4-9944-4c0d-a432-7b1755194bff,ACTSTATEATTEND1NY,ACTSTATEATTEND2CT,"DECSTATECA,DECSTATEFL,DECSTATENY"
3606a321-1cbe-4f8a-a153-cd4616e476ae,ACTSTATEATTEND1LA,,
8d133390-4016-478e-bf23-34d17182d765,,,"DECSTATEMA,DECSTATERI"
2dc57dee-2391-4e16-a4d6-ae757489200a,,,"DECSTATECA,DECSTATEMI"
73e59d93-385b-4d58-b438-f2947627c315,,,
3502ec95-b348-44e7-b511-04d0bae5fe80,,,"DECSTATEAL,DECSTATETN,DECSTATETX"
b55f313e-7723-422d-9555-d8f8ddcddcec,,,"DECSTATEFL,DECSTATENC,DECSTATENJ"
9cfa2d22-9559-4a31-9210-7643f0f81e46,,,
a5155104-3bad-444f-b512-557c43ed7606,,,
1854fad8-a60a-49af-adb1-394a9ab855b8,,,
6fd66067-94a0-4cd5-8240-3479629d4f11,ACTSTATEATTEND1MI,ACTSTATEATTEND2OH,
c89fd5fc-a28d-4af0-ba3b-24964b85c03d,,,"DECSTATEMD,DECSTATENY,DECSTATEPA"
23764154-c2ad-4d56-8873-9e39453296e6,ACTSTATEATTEND1MA,ACTSTATEATTEND2CT,
a79b20ae-1a23-4e16-9077-b39f12cee1c2,ACTSTATEATTEND1AL,ACTSTATEATTEND2FL,"DECSTATEAL,DECSTATECO,DECSTATEFL"
f5197c1a-598c-481e-ac2a-894cbd66ddb8,,,DECSTATETX
70888b36-f93c-4d02-8d1b-41e5b532d51c,,,
a5f550d2-89eb-486d-a0b9-84e26be4ef5f,,,
225a058f-a890-4bc0-8501-11acd073f8be,,,"DECSTATEFL,DECSTATEVA,DECSTATEWV"
d8fe0c4d-f9de-405b-983e-e3237d213e60,,,"DECSTATECA,DECSTATEFL,DECSTATETN"
fc31ebda-84b1-42a8-a598-7ff884b58fd0,,,
a11e4d82-f701-4b95-a852-ddde8615b2be,ACTSTATEATTEND1PA,ACTSTATEATTEND2GA,
1b3f5381-2d45-443f-ac27-0bc4733968a3,ACTSTATEATTEND1GA,ACTSTATEATTEND2AL,
17db621b-cb6e-4072-86d5-2af005c91d0e,ACTSTATEATTEND1AL,,
91f7f4f9-06ca-4586-b794-d337da330d3a,,,"DECSTATEAL,DECSTATECA,DECSTATEIL"
3b2db7f7-82ff-4adc-aa7d-272b70fe2e91,ACTSTATEATTEND1OH,,
4af255cc-3402-4d58-8a81-14d01357cdc8,ACTSTATEATTEND1CO,ACTSTATEATTEND2CA,"DECSTATEAR,DECSTATECA,DECSTATETX"
d82194b1-320b-409d-9402-b85289594c7c,,,"DECSTATENC,DECSTATESC,DECSTATEVA"
da814e6e-3124-4aaa-aaaa-bda2e0efbbaa,,,"DECSTATEIL,DECSTATEMO"
e157a7ed-a171-414a-a2a4-671369c61adb,ACTSTATEATTEND1CA,ACTSTATEATTEND2NH,
f9bdf316-f582-48e9-8b1d-7ef12b836b29,,,
5bf43c37-b1a5-46a1-8f5f-b9099b7474cb,,,
ced9fb66-ddd7-4e7c-9927-4bec5533a274,ACTSTATEATTEND1GA,ACTSTATEATTEND2SC,
0d319a31-88b5-44bc-af25-866b15ca3b63,ACTSTATEATTEND1ND,,
aa3d2cdc-b829-41ee-9a76-03b186c929e9,ACTSTATEATTEND1AR,ACTSTATEATTEND2LA,
8bc5ffbd-58ab-445c-b462-5454e4078596,ACTSTATEATTEND1OH,,
b9f2e58f-2a0d-4848-8c5c-d385bdfd936c,,,
a8fe7f79-4e80-4f4c-8b9e-a617c6eb1509,,,"DECSTATECO,DECSTATEFL,DECSTATETX"
61f183e8-01f3-4b85-9513-5f2c2540ff10,,,"DECSTATEID,DECSTATEWA"
43031a74-e75c-4a88-87fe-dc5769da3c8b,ACTSTATEATTEND1NC,ACTSTATEATTEND2SC,
4990d9c3-ffd7-4be7-9041-a0dfef187eaf,,,
272836a2-51c5-45e6-aa0d-586b8946f097,,,"DECSTATEFL,DECSTATEPA,DECSTATETN"
1ef0a3bc-46a4-4d88-92b3-d9a2c3baff49,,,
fa0fa259-ae85-48d6-9a3e-ae19d13db045,,,"DECSTATECA,DECSTATENC,DECSTATENY"
764f92c4-401e-4461-9cfa-bf12fd6080d0,,,"DECSTATECA,DECSTATEFL,DECSTATEMI"
2fb72145-07b0-4e14-8ddf-dc9ab474497f,,,
83ab7c2a-05c8-4444-a04e-7b7fc7436f7c,,,DECSTATEOK
7f43e558-a207-4786-b2d5-e2c3ae5b1db8,,,"DECSTATECA,DECSTATENV,DECSTATEOR"
ffe9a2aa-bac4-4529-b994-644fafd26db9,,,"DECSTATECT,DECSTATEMA,DECSTATENY"
67e9799e-1b02-46de-934d-65340d4fc0b2,,,
c13559de-94ff-425c-a225-e33a218d3299,,,"DECSTATEDC,DECSTATESC,DECSTATETX"
b994b606-60c0-422f-873b-86980e0a65b5,,,"DECSTATENY,DECSTATESC,DECSTATETX"
71d46f1a-1eff-4a6a-9085-491bf6b92fae,,,
fd5272b6-1b46-4fcd-a88d-9dcb595d1aa3,,,
dacf11ee-5f22-4b01-895b-34807bbb8fa5,,,DECSTATETX
90a054db-3b39-46ed-9d71-f5a240286f46,,,
254d6805-bb9f-409a-9712-089586827956,ACTSTATEATTEND1CA,ACTSTATEATTEND2TX,
722e5570-feb2-4e2c-ac28-f0f5e346047c,ACTSTATEATTEND1CO,,
14dd1bb8-71bc-4cea-b2a1-257ce0941bc2,,,
5c7c2815-0977-4f33-9738-e7c59d9fd5ad,ACTSTATEATTEND1OTHER,,
09859dd0-54a7-4811-b844-90036203e393,,,
7845c055-25c0-4611-ae2b-e5de84fd28c0,,,
be5bdf7f-7748-4d66-92de-f0eff774d54c,,,
6402db0e-541d-4d90-8e8e-0f7c1a6532d8,,,
34b1611a-9900-47a1-843e-557c13370a51,ACTSTATEATTEND1FL,ACTSTATEATTEND2GA,"DECSTATEAL,DECSTATEFL,DECSTATEGA"
373288fc-a864-4c11-8c39-0642e4c89995,,,
d4709c8b-49a9-4e39-92e1-bddf4190c1bc,ACTSTATEATTEND1WI,,
808ba1f1-3c7b-45b3-b5ee-45b9730eb380,,,"DECSTATEFL,DECSTATELA,DECSTATENY"
dff6b8b3-a007-4bc8-bd01-b4db1bfe8f73,,,
31d0de21-457c-4a2f-ac65-b873f9e750c0,ACTSTATEATTEND1NC,ACTSTATEATTEND2FL,
e87b85f2-a237-4208-843f-9e82701e51bd,,,
5f1b3e99-d7be-42af-85c0-20c5b2abdf69,ACTSTATEATTEND1GA,ACTSTATEATTEND2GA,
b3abdce7-e187-4523-ba35-d6aebedc5b7f,ACTSTATEATTEND1CT,ACTSTATEATTEND2VA,
224baf57-c02c-44a0-92bf-fcfb5a5a4c81,,,
eeb2db6d-88f6-48ea-945c-db23c783d058,ACTSTATEATTEND1AZ,,
15c4d64c-66c7-47ed-b1f9-e730126c23d9,,,"DECSTATEAZ,DECSTATECO"
199e3d2e-248e-4f28-b628-37a9c1ec2eb8,ACTSTATEATTEND1NY,ACTSTATEATTEND2CT,
0d99e379-01a7-476f-b537-8098b2570786,ACTSTATEATTEND1MN,,
fba93e7d-1143-4db6-878d-36a052ec7f33,,,
d6be6a87-238b-4cce-be2e-7ac54911f9d2,,,"DECSTATENC,DECSTATESC"
4e8cf2c1-5458-452c-9863-46e27bea55b6,ACTSTATEATTEND1OH,,
4b6beefb-b228-45b1-adb3-f26f5ebd03ce,,,
2c1a3ce3-9d6e-4386-b9b0-459158d97d24,ACTSTATEATTEND1TN,,"DECSTATESC,DECSTATETN,DECSTATEVA"
9c47e8f9-45a3-433f-9d21-d27bbc010331,,,
ddebf76b-aaef-4286-b486-fc92618446b5,,,
f14899e4-c4ac-4c53-98cc-ec7988fa2922,,,
f1bd5763-ed2a-49b7-8883-cc9ac3cdb102,,,
c558bbba-bcef-4709-8589-4ee8d2bb5e72,,,
9f43e474-8116-47bf-8426-15e06a3a7dd7,ACTSTATEATTEND1CA,ACTSTATEATTEND2OTHER,"DECSTATECA,DECSTATEOR,DECSTATEWA"
80cfea7a-d4c2-4dab-80bd-0f7ceef8a2e4,ACTSTATEATTEND1NJ,ACTSTATEATTEND2NJ,"DECSTATENJ,DECSTATENY,DECSTATEPA"
848acd9c-45bc-4172-8593-f099cc830f4d,,,
f318124f-3441-4c01-b091-14bd5b7827e1,,,
17085fec-2809-4cc3-b976-bfc125c17dfa,ACTSTATEATTEND1AR,ACTSTATEATTEND2LA,"DECSTATEAR,DECSTATELA,DECSTATETX"
9dc80a48-8d27-4615-b032-f663233256a1,,,
88e4ed00-b3b1-4096-8382-82b127befdbb,,,DECSTATEOH
1802b5de-634e-4b72-ade0-981154848f09,,,DECSTATETX
a76eaf53-9389-4bf0-88a4-e9ab08862b84,,,"DECSTATECA,DECSTATEMI,DECSTATENY"
4cb0e591-d9b5-48ec-8e07-d411d6f84a4c,,,"DECSTATEGA,DECSTATENY,DECSTATESC"
271c4099-75cd-4d17-8208-42a808f20346,,,
83f1ebb9-124d-4c10-84ba-d38f929963cf,,,DECSTATETX
3ff3816c-98d8-410d-84d0-177ad2f35602,,,"DECSTATECA,DECSTATEIL,DECSTATEWI"
a1c03c8e-0667-4d77-86f6-b84989fbb8f1,,,"DECSTATELA,DECSTATERI,DECSTATETX"
b178d64a-6790-4c88-8717-c67b8ea599e4,,,
ede3c0c3-9e12-44a8-ba9f-629e443a9a4a,ACTSTATEATTEND1LA,,
2ba85ead-33e7-4248-8ffa-954e05b9fd58,ACTSTATEATTEND1GA,ACTSTATEATTEND2OTHER,
6eedd2f9-4e59-45f6-9cf3-4c97107576ce,,,
9917fa29-ac44-46bc-a0f7-3fc70ff2862f,,,"DECSTATEKS,DECSTATEMO,DECSTATEOH"
ccd73e0d-f739-46cb-ab57-46733ff1ba61,,,"DECSTATEMI,DECSTATENY"
9d283ef6-82ee-422c-be8b-744b980db926,,,
68547f2a-cb7c-4ef2-926a-312c24c02929,,,"DECSTATEGA,DECSTATENC,DECSTATESC"
361db93e-f280-476f-bf71-e9b334a166ec,ACTSTATEATTEND1WA,ACTSTATEATTEND2CA,
e69677de-7ecc-40af-b78f-8642a382f331,,,"DECSTATEFL,DECSTATEMI,DECSTATENY"
1f6d93c9-a984-433d-873b-e1d8af33ee31,ACTSTATEATTEND1TX,,
f3d0600a-baf0-4e1e-97be-ce1c884faa32,,,"DECSTATECA,DECSTATEFL,DECSTATENY"
244def9a-ae21-419c-a50d-281ee85d848e,,,"DECSTATECA,DECSTATEFL,DECSTATENY"
bcb956e6-fd2f-4907-b5c4-1f401a08b552,ACTSTATEATTEND1TX,ACTSTATEATTEND2FL,"DECSTATECA,DECSTATEFL,DECSTATEMN,DECSTATETX"
d486ce7a-ae1b-4312-80a3-94e63328f076,,,"DECSTATEAL,DECSTATEFL,DECSTATEMS"
903a6659-f682-4227-97a8-ed384dd9f928,,,
1d1efcf8-adb2-4cbf-a8c3-a94b0b238553,,,
4e47d560-7217-4ac0-ba7a-e721ab2665cb,,,"DECSTATEIA,DECSTATEMN,DECSTATEND"
f786bf71-a1e8-411b-b7ae-24a79c773bfc,,,"DECSTATEIL,DECSTATEMS,DECSTATEOH"
c394e8be-6673-4cea-956b-16f0d7d91215,,,
13a9c0ef-9b52-4725-9af6-df6c3b334465,,,"DECSTATECO,DECSTATETX,DECSTATEWY"
2f38d308-75d6-45dd-a12f-c7e2ac581041,,,"DECSTATEMT,DECSTATEOR,DECSTATEWA"
105fa0b8-c3f5-4f85-a9ba-a75997d6405a,ACTSTATEATTEND1WI,,
80535d15-a999-4ad9-9050-ebbc1f9361eb,ACTSTATEATTEND1GA,ACTSTATEATTEND2FL,"DECSTATEFL,DECSTATEGA,DECSTATEMD"
2b2a4f34-7e51-400d-bd66-7a96a37c83e2,ACTSTATEATTEND1TN,,
9740aa5c-d1bf-400a-a5b7-3e24fb174b4e,,,DECSTATENY
5c78e1e7-6b55-40c1-a28a-af198ba00897,,,
dfebe972-6b83-4330-82d0-d2661f7e3d0b,ACTSTATEATTEND1FL,ACTSTATEATTEND2FL,
44a5db85-51f2-47fe-9233-cf51f73813a0,,,
a899e1ec-fe2e-4527-9c89-fab28985af39,ACTSTATEATTEND1TX,,
bffb4582-fe91-48d8-a318-460c0f446fe0,,,
f8d65a4e-2488-4292-af91-287833014c66,ACTSTATEATTEND1CA,ACTSTATEATTEND2CA,
84dcfba0-5848-4b8b-944a-929fde26f423,,,
9c496a3b-e6fa-4a84-b3b0-0a2a66e44df5,,,
ffa5e8ad-1795-44e1-b6c3-bdb2eac95d89,,,
d4032d79-b1b3-442f-b1bf-3d83c06d06f4,,,
62a51d67-2f7e-473c-b6e6-276b9b656e5f,,,"DECSTATEAL,DECSTATECA,DECSTATENY"
dad566f4-7bc0-4258-bc57-b1f278170d8e,,,
f7505476-a29a-46ee-abe5-2322a92b033c,,,
286d02b1-5973-46fc-be39-41257f01766f,,,"DECSTATEAL,DECSTATELA,DECSTATEMS"
669f0722-e369-460d-94fb-b65830740f03,,,"DECSTATEDE,DECSTATENY,DECSTATEPA"
ec2b3d22-49ac-4a1c-a666-3cb643178087,ACTSTATEATTEND1CA,,
0d3956db-1249-4639-8751-fb3d3898876c,ACTSTATEATTEND1NY,ACTSTATEATTEND2NY,
607ee7e7-d326-43f8-af07-afd21db1f8fc,,,
48dcbf53-7ab8-44ed-9079-cb7d5a684591,,,"DECSTATEAL,DECSTATEGA,DECSTATETN"
0388ddfe-e9d2-4097-a53d-9de1258e3f0e,,,"DECSTATEMA,DECSTATENH,DECSTATEVT"
5f546e46-4eb5-4d67-956f-3e9055788b96,ACTSTATEATTEND1AR,ACTSTATEATTEND2NV,"DECSTATEAR,DECSTATECA,DECSTATEFL"
6cb9b106-8967-4e8d-9fd6-19c44f05518f,,,"DECSTATECA,DECSTATENV"
2e2dab45-1e6d-4b71-9099-c34740be6fc2,,,
0a02ef16-8a3d-408f-9c5c-8e49cbdd331f,,,"DECSTATECT,DECSTATEMA,DECSTATENH"
c0517ab8-f2b1-4e51-ae9f-f7f070660857,ACTSTATEATTEND1CA,ACTSTATEATTEND2OTHER,
17c9eaf9-dc47-451f-8a50-a32d0cd9d8b4,,,DECSTATEIL
7fc5083e-251b-47b9-a7c4-ddb34eb66bbc,,,"DECSTATECA,DECSTATEWA"
18ad36b3-5d38-4f7a-90c9-57d4f362b73c,,,
077859fe-a7f2-4282-a2c6-97fbd9885a30,ACTSTATEATTEND1TN,ACTSTATEATTEND2AL,
047c75d7-e369-43bb-9ad9-4352a4359167,,,
e0a7b65e-aafb-4fee-94ca-228eb7ba8224,,,
ed692391-96cb-4477-9c41-9b34abc1cc4c,,,
2334a50e-0d2d-4b3d-aa84-aebd903033c3,ACTSTATEATTEND1AL,,
f294e9f2-cfd2-498e-aa4e-b94ddbe04434,ACTSTATEATTEND1MN,ACTSTATEATTEND2WI,
6d7ae9ce-593d-41ad-931e-19c0025c49df,ACTSTATEATTEND1NY,ACTSTATEATTEND2OTHER,
304a8e26-5775-48f1-b0f7-8a2283fb41b9,ACTSTATEATTEND1OH,ACTSTATEATTEND2PA,"DECSTATENY,DECSTATEOH"
6d9f1688-b97e-4e7e-9b6e-cba135a42420,,,
8bab918c-9208-4bc9-a7be-068fc5270ceb,ACTSTATEATTEND1FL,ACTSTATEATTEND2FL,
e794d111-6ba8-4026-bfc4-8ba2d6423990,ACTSTATEATTEND1NY,,
977f4d95-a787-4139-839c-87f48ff3b57c,,,
ed2f4085-0588-48b4-b59c-5d3cd02e45e3,,,"DECSTATENC,DECSTATESC,DECSTATEVA"
469112e1-6a1c-4ca2-aae6-dd220fc366c7,,,DECSTATECA
044701bb-aabd-42aa-a259-7f74e3cd4f36,,,
e652d190-bbd2-4c63-8aaa-abcf92217e3f,ACTSTATEATTEND1OH,ACTSTATEATTEND2MI,"DECSTATEMI,DECSTATEOH,DECSTATEPA"
1a7d3305-79a2-42a6-a6b7-f11d94807cf2,,,
e45388a2-4386-4c64-9643-53e41f26711f,ACTSTATEATTEND1NM,ACTSTATEATTEND2CO,
e946b37f-76ed-4427-9acf-531a363f866a,,,"DECSTATEFL,DECSTATEOK,DECSTATETX"
6fc9c51f-1551-4efa-a88d-8fa564746f41,ACTSTATEATTEND1AL,,
cf0333eb-4b5b-489c-814a-080118c20653,ACTSTATEATTEND1WI,,
ee04c85a-4b2d-4a30-abc2-a49dbcc230a2,,,"DECSTATECA,DECSTATETX"
f49b0372-6754-4d17-a307-7b2b3f10140f,,,
2ea3946c-f724-40e8-b5b0-aae1aef12b72,,,
a578b4a9-e9ba-4789-ac0a-8958c0d9920c,,,"DECSTATENY,DECSTATETX"
27788581-cff9-4599-a323-d7f18ef64cb9,,,
4a26908b-e5a1-4348-af30-44cc7a48f9ba,,,
3d9d1152-68e8-4b26-99a5-6e45648f4519,,,
541f6f89-e166-4227-9181-d6979bff2f8a,ACTSTATEATTEND1WA,ACTSTATEATTEND2OTHER,DECSTATEWA
bb7ed1ad-6421-4784-b076-71a03fc1a125,,,
91d46831-2dd0-48c4-a6e2-03ab1e352eec,,,"DECSTATEOH,DECSTATEPA"
f43f7a89-9700-4881-b521-db3e8bc98754,,,"DECSTATEFL,DECSTATEGA,DECSTATEVA"
0e8320e5-3d09-4464-8769-f6dc27865779,,,
8df4ff86-db43-402b-92ec-28f490b3aa92,ACTSTATEATTEND1MN,ACTSTATEATTEND2ND,"DECSTATEMN,DECSTATESD,DECSTATEWI"
4c9e27c2-4214-42b2-bd3f-41bb52b91c4f,,,"DECSTATECA,DECSTATELA,DECSTATENY"
b6e43be4-c7af-4b76-9a2c-60cad99dbd11,,,
c4e66d78-d835-412a-a95a-eabbbc016fc2,,,
d538355d-9b2d-4f1c-8a73-46c1c783e5a4,,,DECSTATEFL
0203a629-5e09-4cb1-a62c-044b64739d22,,,
b3b2decd-72b7-4180-a114-97a3c78b6b14,ACTSTATEATTEND1AZ,,
1b31f3ab-e48c-4707-8fed-5db05bbad176,,,
df0671fc-5118-49ed-8112-c26457a00697,,,
c5df790d-58dc-4ae3-b8f4-ffe937f516f6,,,"DECSTATENY,DECSTATEPA"
af67adcd-476e-4510-b4ea-8c1259e8a0fc,ACTSTATEATTEND1CA,ACTSTATEATTEND2GA,"DECSTATECA,DECSTATEFL,DECSTATETX"
357c4223-7028-4519-803b-6503320ab488,ACTSTATEATTEND1KY,ACTSTATEATTEND2FL,
fb433c33-97e0-400f-99b2-49404bcd7dc6,,,"DECSTATECA,DECSTATECT,DECSTATENY"
18f4ac8b-4e9a-4208-b05c-af3865622140,,,"DECSTATECA,DECSTATEFL,DECSTATENY"
852edcbc-2294-4dbb-aa54-43b7521698df,ACTSTATEATTEND1GA,ACTSTATEATTEND2GA,"DECSTATEAL,DECSTATEFL,DECSTATEGA"
2a6284d2-2940-4be2-8605-25bae581a7f0,,,
f5a90b5a-5fa6-4ebe-9757-a8c4367a0c98,,,"DECSTATEIN,DECSTATEMI,DECSTATENY"
3419db87-7387-4543-9c84-59e743ecd7d1,,,
553b9f69-64c6-4b0f-821a-0f810dd8a417,,,"DECSTATECA,DECSTATEHI,DECSTATENY"
3e4709f6-8f19-44e8-9a6c-70a8b63de5d8,,,
d58aeda5-86a6-4d4b-b8c2-bda4ac2d9ce8,ACTSTATEATTEND1LA,ACTSTATEATTEND2LA,"DECSTATEFL,DECSTATELA"
8f58a59a-7c52-4a49-b7b1-85f9ea2f4c7d,,,"DECSTATECA,DECSTATEOR,DECSTATETX"
927e77aa-4bbc-4d71-a8c1-39a394dfcbce,,,"DECSTATENY,DECSTATESC,DECSTATETX"
e5fddf9f-6bfd-4ebc-aac9-5aebd93d94d2,,,"DECSTATENY,DECSTATEOH"
9ac13b1a-26e6-484a-a017-a0f4b16edc5f,,,"DECSTATEMD,DECSTATENY,DECSTATEPA"
